Date,Ref,Account,Account Name,Description,Dept,Amount
03/08/2026,100415,1200,לקוחות,חשבונית מכירה - בטא מערכות,10,56160.00
03/08/2026,100415,4100,הכנסות ממכירות,הכנסות ממכירות,10,-48000.00
03/08/2026,100415,2200,"מע""מ עסקאות","מע""מ עסקאות 17%",90,-8160.00
05/08/2026,100416,5100,עלות המכר,עלות המכר - הוצאת מלאי,20,20500.00
05/08/2026,100416,1300,מלאי,הוצאת מלאי למכירה,20,-20500.00
05/08/2026,100417,2500,הלוואה לזמן ארוך,החזר קרן הלוואה,90,4000.00
05/08/2026,100417,7100,הוצאות מימון,ריבית על הלוואה,90,1070.00
05/08/2026,100417,1100,"בנק לאומי עו""ש",תשלום החזר הלוואה חודשי,90,-5070.00
06/08/2026,100418,1300,מלאי,רכישת מלאי - ספק חומרי גלם א',20,31500.00
06/08/2026,100418,2210,"מע""מ תשומות","מע""מ תשומות 17%",90,5355.00
06/08/2026,100418,2100,ספקים,חוב לספק - ספק חומרי גלם א',20,-36855.00
08/08/2026,100419,1100,"בנק לאומי עו""ש",גבייה מלקוח - בטא מערכות,10,62300.00
08/08/2026,100419,1200,לקוחות,גבייה על חשבון חוב לקוח,10,-62300.00
09/08/2026,100420,1200,לקוחות,חשבונית מכירה - גמא ייעוץ,10,61425.00
09/08/2026,100420,4100,הכנסות ממכירות,הכנסות ממכירות,10,-52500.00
09/08/2026,100420,2200,"מע""מ עסקאות","מע""מ עסקאות 17%",90,-8925.00
10/08/2026,100421,6200,שיווק ופרסום,קמפיין שיווק ופרסום,40,9700.00
10/08/2026,100421,2210,"מע""מ תשומות","מע""מ תשומות 17%",90,1649.00
10/08/2026,100421,1100,"בנק לאומי עו""ש",תשלום ספק שיווק,40,-11349.00
12/08/2026,100422,2100,ספקים,תשלום לספק - ספק חומרי גלם א',20,34200.00
12/08/2026,100422,1100,"בנק לאומי עו""ש",העברה בנקאית לספק,20,-34200.00
15/08/2026,100423,5100,עלות המכר,עלות המכר - הוצאת מלאי,20,13000.00
15/08/2026,100423,1300,מלאי,הוצאת מלאי למכירה,20,-13000.00
15/08/2026,100424,2300,זכאים בגין שכר,תשלום מוסדות בגין שכר,30,14100.00
15/08/2026,100424,1100,"בנק לאומי עו""ש",העברה למוסדות,30,-14100.00
15/08/2026,100425,2200,"מע""מ עסקאות","קיזוז מע""מ עסקאות - דיווח תקופתי",90,29495.00
15/08/2026,100425,2210,"מע""מ תשומות","קיזוז מע""מ תשומות - דיווח תקופתי",90,-15181.00
15/08/2026,100425,1100,"בנק לאומי עו""ש","תשלום מע""מ לרשות המסים",90,-14314.00
16/08/2026,100426,1200,לקוחות,חשבונית מכירה - דלתא תעשיות,10,52065.00
16/08/2026,100426,4100,הכנסות ממכירות,הכנסות ממכירות,10,-44500.00
16/08/2026,100426,2200,"מע""מ עסקאות","מע""מ עסקאות 17%",90,-7565.00
18/08/2026,100427,1100,"בנק לאומי עו""ש",גבייה מלקוח - גמא ייעוץ,10,62300.00
18/08/2026,100427,1200,לקוחות,גבייה על חשבון חוב לקוח,10,-62300.00
20/08/2026,100428,1300,מלאי,רכישת מלאי - ספק חומרי גלם ב',20,38500.00
20/08/2026,100428,2210,"מע""מ תשומות","מע""מ תשומות 17%",90,6545.00
20/08/2026,100428,2100,ספקים,חוב לספק - ספק חומרי גלם ב',20,-45045.00
23/08/2026,100429,1200,לקוחות,"חשבונית מכירה - אפסילון בע""מ",10,57330.00
23/08/2026,100429,4100,הכנסות ממכירות,הכנסות ממכירות,10,-49000.00
23/08/2026,100429,2200,"מע""מ עסקאות","מע""מ עסקאות 17%",90,-8330.00
24/08/2026,100430,1100,"בנק לאומי עו""ש",הכנסות אחרות - השכרת משנה,90,5100.00
24/08/2026,100430,4200,הכנסות אחרות,הכנסות אחרות,90,-5100.00
25/08/2026,100431,5100,עלות המכר,עלות המכר - הוצאת מלאי,20,22000.00
25/08/2026,100431,1300,מלאי,הוצאת מלאי למכירה,20,-22000.00
26/08/2026,100432,2100,ספקים,תשלום לספק - ספק חומרי גלם ב',20,34200.00
26/08/2026,100432,1100,"בנק לאומי עו""ש",העברה בנקאית לספק,20,-34200.00
27/08/2026,100433,2400,"חו""ז בעלים",משיכת בעלים,90,14500.00
27/08/2026,100433,1100,"בנק לאומי עו""ש","משיכה מהבנק לחו""ז בעלים",90,-14500.00
28/08/2026,100434,1100,"בנק לאומי עו""ש",גבייה מלקוח - דלתא תעשיות,10,62300.00
28/08/2026,100434,1200,לקוחות,גבייה על חשבון חוב לקוח,10,-62300.00
28/08/2026,100435,6100,שכר ונלוות,שכר ונלוות לחודש 8/2026,30,58800.00
28/08/2026,100435,2300,זכאים בגין שכר,ניכויי חובה ומוסדות,30,-14100.00
28/08/2026,100435,1100,"בנק לאומי עו""ש",תשלום שכר נטו,30,-44700.00
31/08/2026,100436,6400,פחת והפחתות,פחת חודשי - רכוש קבוע,90,5200.00
31/08/2026,100436,1450,פחת נצבר,צבירת פחת נצבר,90,-5200.00
