תאריך אסמכתא,מס' תנועה,כרטיס חשבון,שם כרטיס,פרטים,מחלקה,סכום
03/01/2025,100001,1200,לקוחות,חשבונית מכירה - אלפא טכנולוגיות,10,54405.00
03/01/2025,100001,4100,הכנסות ממכירות,הכנסות ממכירות,10,-46500.00
03/01/2025,100001,2200,"מע""מ עסקאות","מע""מ עסקאות 17%",90,-7905.00
05/01/2025,100002,5100,עלות המכר,עלות המכר - הוצאת מלאי,20,14500.00
05/01/2025,100002,1300,מלאי,הוצאת מלאי למכירה,20,-14500.00
05/01/2025,100003,2500,הלוואה לזמן ארוך,החזר קרן הלוואה,90,4000.00
05/01/2025,100003,7100,הוצאות מימון,ריבית על הלוואה,90,1050.00
05/01/2025,100003,1100,"בנק לאומי עו""ש",תשלום החזר הלוואה חודשי,90,-5050.00
06/01/2025,100004,1300,מלאי,רכישת מלאי - ספק חומרי גלם א',20,33500.00
06/01/2025,100004,2210,"מע""מ תשומות","מע""מ תשומות 17%",90,5695.00
06/01/2025,100004,2100,ספקים,חוב לספק - ספק חומרי גלם א',20,-39195.00
08/01/2025,100005,1100,"בנק לאומי עו""ש",גבייה מלקוח - אלפא טכנולוגיות,10,46000.00
08/01/2025,100005,1200,לקוחות,גבייה על חשבון חוב לקוח,10,-46000.00
09/01/2025,100006,1200,לקוחות,חשבונית מכירה - בטא מערכות,10,64350.00
09/01/2025,100006,4100,הכנסות ממכירות,הכנסות ממכירות,10,-55000.00
09/01/2025,100006,2200,"מע""מ עסקאות","מע""מ עסקאות 17%",90,-9350.00
10/01/2025,100007,6200,שיווק ופרסום,קמפיין שיווק ופרסום,40,14800.00
10/01/2025,100007,2210,"מע""מ תשומות","מע""מ תשומות 17%",90,2516.00
10/01/2025,100007,1100,"בנק לאומי עו""ש",תשלום ספק שיווק,40,-17316.00
12/01/2025,100008,2100,ספקים,תשלום לספק - ספק חומרי גלם א',20,27000.00
12/01/2025,100008,1100,"בנק לאומי עו""ש",העברה בנקאית לספק,20,-27000.00
15/01/2025,100009,5100,עלות המכר,עלות המכר - הוצאת מלאי,20,18000.00
15/01/2025,100009,1300,מלאי,הוצאת מלאי למכירה,20,-18000.00
15/01/2025,100010,2300,זכאים בגין שכר,תשלום מוסדות בגין שכר,30,15100.00
15/01/2025,100010,1100,"בנק לאומי עו""ש",העברה למוסדות,30,-15100.00
16/01/2025,100011,1200,לקוחות,חשבונית מכירה - גמא ייעוץ,10,58500.00
16/01/2025,100011,4100,הכנסות ממכירות,הכנסות ממכירות,10,-50000.00
16/01/2025,100011,2200,"מע""מ עסקאות","מע""מ עסקאות 17%",90,-8500.00
18/01/2025,100012,1100,"בנק לאומי עו""ש",גבייה מלקוח - בטא מערכות,10,46000.00
18/01/2025,100012,1200,לקוחות,גבייה על חשבון חוב לקוח,10,-46000.00
20/01/2025,100013,1300,מלאי,רכישת מלאי - ספק חומרי גלם ב',20,26500.00
20/01/2025,100013,2210,"מע""מ תשומות","מע""מ תשומות 17%",90,4505.00
20/01/2025,100013,2100,ספקים,חוב לספק - ספק חומרי גלם ב',20,-31005.00
22/01/2025,100014,6300,הנהלה וכלליות,הוצאות הנהלה וכלליות,30,14200.00
22/01/2025,100014,2210,"מע""מ תשומות","מע""מ תשומות 17%",90,2414.00
22/01/2025,100014,1100,"בנק לאומי עו""ש",תשלום הוצאות משרד,30,-16614.00
23/01/2025,100015,1200,לקוחות,חשבונית מכירה - דלתא תעשיות,10,58500.00
23/01/2025,100015,4100,הכנסות ממכירות,הכנסות ממכירות,10,-50000.00
23/01/2025,100015,2200,"מע""מ עסקאות","מע""מ עסקאות 17%",90,-8500.00
25/01/2025,100016,5100,עלות המכר,עלות המכר - הוצאת מלאי,20,13500.00
25/01/2025,100016,1300,מלאי,הוצאת מלאי למכירה,20,-13500.00
26/01/2025,100017,2100,ספקים,תשלום לספק - ספק חומרי גלם ב',20,27000.00
26/01/2025,100017,1100,"בנק לאומי עו""ש",העברה בנקאית לספק,20,-27000.00
28/01/2025,100018,1100,"בנק לאומי עו""ש",גבייה מלקוח - גמא ייעוץ,10,46000.00
28/01/2025,100018,1200,לקוחות,גבייה על חשבון חוב לקוח,10,-46000.00
28/01/2025,100019,6100,שכר ונלוות,שכר ונלוות לחודש 1/2025,30,63000.00
28/01/2025,100019,2300,זכאים בגין שכר,ניכויי חובה ומוסדות,30,-15100.00
28/01/2025,100019,1100,"בנק לאומי עו""ש",תשלום שכר נטו,30,-47900.00
31/01/2025,100020,6400,פחת והפחתות,פחת חודשי - רכוש קבוע,90,5200.00
31/01/2025,100020,1450,פחת נצבר,צבירת פחת נצבר,90,-5200.00
03/02/2025,100021,1200,לקוחות,חשבונית מכירה - בטא מערכות,10,50895.00
03/02/2025,100021,4100,הכנסות ממכירות,הכנסות ממכירות,10,-43500.00
03/02/2025,100021,2200,"מע""מ עסקאות","מע""מ עסקאות 17%",90,-7395.00
05/02/2025,100022,5100,עלות המכר,עלות המכר - הוצאת מלאי,20,17000.00
05/02/2025,100022,1300,מלאי,הוצאת מלאי למכירה,20,-17000.00
05/02/2025,100023,2500,הלוואה לזמן ארוך,החזר קרן הלוואה,90,4000.00
05/02/2025,100023,7100,הוצאות מימון,ריבית על הלוואה,90,920.00
05/02/2025,100023,1100,"בנק לאומי עו""ש",תשלום החזר הלוואה חודשי,90,-4920.00
06/02/2025,100024,1300,מלאי,רכישת מלאי - ספק חומרי גלם א',20,27500.00
06/02/2025,100024,2210,"מע""מ תשומות","מע""מ תשומות 17%",90,4675.00
06/02/2025,100024,2100,ספקים,חוב לספק - ספק חומרי גלם א',20,-32175.00
08/02/2025,100025,1100,"בנק לאומי עו""ש",גבייה מלקוח - בטא מערכות,10,72300.00
08/02/2025,100025,1200,לקוחות,גבייה על חשבון חוב לקוח,10,-72300.00
09/02/2025,100026,1200,לקוחות,חשבונית מכירה - גמא ייעוץ,10,48555.00
09/02/2025,100026,4100,הכנסות ממכירות,הכנסות ממכירות,10,-41500.00
09/02/2025,100026,2200,"מע""מ עסקאות","מע""מ עסקאות 17%",90,-7055.00
10/02/2025,100027,6200,שיווק ופרסום,קמפיין שיווק ופרסום,40,10000.00
10/02/2025,100027,2210,"מע""מ תשומות","מע""מ תשומות 17%",90,1700.00
10/02/2025,100027,1100,"בנק לאומי עו""ש",תשלום ספק שיווק,40,-11700.00
12/02/2025,100028,2100,ספקים,תשלום לספק - ספק חומרי גלם א',20,31600.00
12/02/2025,100028,1100,"בנק לאומי עו""ש",העברה בנקאית לספק,20,-31600.00
15/02/2025,100029,5100,עלות המכר,עלות המכר - הוצאת מלאי,20,18500.00
15/02/2025,100029,1300,מלאי,הוצאת מלאי למכירה,20,-18500.00
15/02/2025,100030,2300,זכאים בגין שכר,תשלום מוסדות בגין שכר,30,15000.00
15/02/2025,100030,1100,"בנק לאומי עו""ש",העברה למוסדות,30,-15000.00
15/02/2025,100031,2200,"מע""מ עסקאות","קיזוז מע""מ עסקאות - דיווח תקופתי",90,34255.00
15/02/2025,100031,2210,"מע""מ תשומות","קיזוז מע""מ תשומות - דיווח תקופתי",90,-15130.00
15/02/2025,100031,1100,"בנק לאומי עו""ש","תשלום מע""מ לרשות המסים",90,-19125.00
16/02/2025,100032,1200,לקוחות,חשבונית מכירה - דלתא תעשיות,10,47970.00
16/02/2025,100032,4100,הכנסות ממכירות,הכנסות ממכירות,10,-41000.00
16/02/2025,100032,2200,"מע""מ עסקאות","מע""מ עסקאות 17%",90,-6970.00
18/02/2025,100033,1100,"בנק לאומי עו""ש",גבייה מלקוח - גמא ייעוץ,10,72300.00
18/02/2025,100033,1200,לקוחות,גבייה על חשבון חוב לקוח,10,-72300.00
20/02/2025,100034,1300,מלאי,רכישת מלאי - ספק חומרי גלם ב',20,34000.00
20/02/2025,100034,2210,"מע""מ תשומות","מע""מ תשומות 17%",90,5780.00
20/02/2025,100034,2100,ספקים,חוב לספק - ספק חומרי גלם ב',20,-39780.00
23/02/2025,100035,1200,לקוחות,"חשבונית מכירה - אפסילון בע""מ",10,60840.00
23/02/2025,100035,4100,הכנסות ממכירות,הכנסות ממכירות,10,-52000.00
23/02/2025,100035,2200,"מע""מ עסקאות","מע""מ עסקאות 17%",90,-8840.00
24/02/2025,100036,1100,"בנק לאומי עו""ש",הכנסות אחרות - השכרת משנה,90,8000.00
24/02/2025,100036,4200,הכנסות אחרות,הכנסות אחרות,90,-8000.00
25/02/2025,100037,5100,עלות המכר,עלות המכר - הוצאת מלאי,20,21000.00
25/02/2025,100037,1300,מלאי,הוצאת מלאי למכירה,20,-21000.00
26/02/2025,100038,2100,ספקים,תשלום לספק - ספק חומרי גלם ב',20,31600.00
26/02/2025,100038,1100,"בנק לאומי עו""ש",העברה בנקאית לספק,20,-31600.00
28/02/2025,100039,1100,"בנק לאומי עו""ש",גבייה מלקוח - דלתא תעשיות,10,72300.00
28/02/2025,100039,1200,לקוחות,גבייה על חשבון חוב לקוח,10,-72300.00
28/02/2025,100040,6100,שכר ונלוות,שכר ונלוות לחודש 2/2025,30,62300.00
28/02/2025,100040,2300,זכאים בגין שכר,ניכויי חובה ומוסדות,30,-15000.00
28/02/2025,100040,1100,"בנק לאומי עו""ש",תשלום שכר נטו,30,-47300.00
28/02/2025,100041,6400,פחת והפחתות,פחת חודשי - רכוש קבוע,90,5200.00
28/02/2025,100041,1450,פחת נצבר,צבירת פחת נצבר,90,-5200.00
03/03/2025,100042,1200,לקוחות,חשבונית מכירה - גמא ייעוץ,10,57915.00
03/03/2025,100042,4100,הכנסות ממכירות,הכנסות ממכירות,10,-49500.00
03/03/2025,100042,2200,"מע""מ עסקאות","מע""מ עסקאות 17%",90,-8415.00
05/03/2025,100043,5100,עלות המכר,עלות המכר - הוצאת מלאי,20,23500.00
05/03/2025,100043,1300,מלאי,הוצאת מלאי למכירה,20,-23500.00
05/03/2025,100044,2500,הלוואה לזמן ארוך,החזר קרן הלוואה,90,4000.00
05/03/2025,100044,7100,הוצאות מימון,ריבית על הלוואה,90,880.00
05/03/2025,100044,1100,"בנק לאומי עו""ש",תשלום החזר הלוואה חודשי,90,-4880.00
06/03/2025,100045,1300,מלאי,רכישת מלאי - ספק חומרי גלם א',20,22000.00
06/03/2025,100045,2210,"מע""מ תשומות","מע""מ תשומות 17%",90,3740.00
06/03/2025,100045,2100,ספקים,חוב לספק - ספק חומרי גלם א',20,-25740.00
08/03/2025,100046,1100,"בנק לאומי עו""ש",גבייה מלקוח - גמא ייעוץ,10,63900.00
08/03/2025,100046,1200,לקוחות,גבייה על חשבון חוב לקוח,10,-63900.00
09/03/2025,100047,1200,לקוחות,חשבונית מכירה - דלתא תעשיות,10,55575.00
09/03/2025,100047,4100,הכנסות ממכירות,הכנסות ממכירות,10,-47500.00
09/03/2025,100047,2200,"מע""מ עסקאות","מע""מ עסקאות 17%",90,-8075.00
10/03/2025,100048,6200,שיווק ופרסום,קמפיין שיווק ופרסום,40,15600.00
10/03/2025,100048,2210,"מע""מ תשומות","מע""מ תשומות 17%",90,2652.00
10/03/2025,100048,1100,"בנק לאומי עו""ש",תשלום ספק שיווק,40,-18252.00
11/03/2025,100049,1400,רכוש קבוע - עלות,רכישת רכוש קבוע - ציוד,20,39000.00
11/03/2025,100049,2210,"מע""מ תשומות","מע""מ תשומות 17%",90,6630.00
11/03/2025,100049,2100,ספקים,חוב לספק ציוד,20,-45630.00
12/03/2025,100050,2100,ספקים,תשלום לספק - ספק חומרי גלם א',20,32400.00
12/03/2025,100050,1100,"בנק לאומי עו""ש",העברה בנקאית לספק,20,-32400.00
15/03/2025,100051,5100,עלות המכר,עלות המכר - הוצאת מלאי,20,17000.00
15/03/2025,100051,1300,מלאי,הוצאת מלאי למכירה,20,-17000.00
15/03/2025,100052,2300,זכאים בגין שכר,תשלום מוסדות בגין שכר,30,14000.00
15/03/2025,100052,1100,"בנק לאומי עו""ש",העברה למוסדות,30,-14000.00
15/03/2025,100053,2200,"מע""מ עסקאות","קיזוז מע""מ עסקאות - דיווח תקופתי",90,30260.00
15/03/2025,100053,2210,"מע""מ תשומות","קיזוז מע""מ תשומות - דיווח תקופתי",90,-12155.00
15/03/2025,100053,1100,"בנק לאומי עו""ש","תשלום מע""מ לרשות המסים",90,-18105.00
16/03/2025,100054,1200,לקוחות,"חשבונית מכירה - אפסילון בע""מ",10,60840.00
16/03/2025,100054,4100,הכנסות ממכירות,הכנסות ממכירות,10,-52000.00
16/03/2025,100054,2200,"מע""מ עסקאות","מע""מ עסקאות 17%",90,-8840.00
18/03/2025,100055,1100,"בנק לאומי עו""ש",גבייה מלקוח - דלתא תעשיות,10,63900.00
18/03/2025,100055,1200,לקוחות,גבייה על חשבון חוב לקוח,10,-63900.00
19/03/2025,100056,6330,הוצאות משפטיות,שכר טרחה משפטי,30,4800.00
19/03/2025,100056,2210,"מע""מ תשומות","מע""מ תשומות 17%",90,816.00
19/03/2025,100056,1100,"בנק לאומי עו""ש",תשלום לעורך דין,30,-5616.00
20/03/2025,100057,1300,מלאי,רכישת מלאי - ספק חומרי גלם ב',20,23000.00
20/03/2025,100057,2210,"מע""מ תשומות","מע""מ תשומות 17%",90,3910.00
20/03/2025,100057,2100,ספקים,חוב לספק - ספק חומרי גלם ב',20,-26910.00
22/03/2025,100058,6300,הנהלה וכלליות,הוצאות הנהלה וכלליות,30,12700.00
22/03/2025,100058,2210,"מע""מ תשומות","מע""מ תשומות 17%",90,2159.00
22/03/2025,100058,1100,"בנק לאומי עו""ש",תשלום הוצאות משרד,30,-14859.00
23/03/2025,100059,1200,לקוחות,חשבונית מכירה - זטא סחר,10,52065.00
23/03/2025,100059,4100,הכנסות ממכירות,הכנסות ממכירות,10,-44500.00
23/03/2025,100059,2200,"מע""מ עסקאות","מע""מ עסקאות 17%",90,-7565.00
25/03/2025,100060,5100,עלות המכר,עלות המכר - הוצאת מלאי,20,14000.00
25/03/2025,100060,1300,מלאי,הוצאת מלאי למכירה,20,-14000.00
26/03/2025,100061,2100,ספקים,תשלום לספק - ספק חומרי גלם ב',20,32400.00
26/03/2025,100061,1100,"בנק לאומי עו""ש",העברה בנקאית לספק,20,-32400.00
28/03/2025,100062,1100,"בנק לאומי עו""ש","גבייה מלקוח - אפסילון בע""מ",10,63900.00
28/03/2025,100062,1200,לקוחות,גבייה על חשבון חוב לקוח,10,-63900.00
28/03/2025,100063,6100,שכר ונלוות,שכר ונלוות לחודש 3/2025,30,58400.00
28/03/2025,100063,2300,זכאים בגין שכר,ניכויי חובה ומוסדות,30,-14000.00
28/03/2025,100063,1100,"בנק לאומי עו""ש",תשלום שכר נטו,30,-44400.00
31/03/2025,100064,6400,פחת והפחתות,פחת חודשי - רכוש קבוע,90,5200.00
31/03/2025,100064,1450,פחת נצבר,צבירת פחת נצבר,90,-5200.00
03/04/2025,100065,1200,לקוחות,חשבונית מכירה - דלתא תעשיות,10,68445.00
03/04/2025,100065,4100,הכנסות ממכירות,הכנסות ממכירות,10,-58500.00
03/04/2025,100065,2200,"מע""מ עסקאות","מע""מ עסקאות 17%",90,-9945.00
05/04/2025,100066,5100,עלות המכר,עלות המכר - הוצאת מלאי,20,17000.00
05/04/2025,100066,1300,מלאי,הוצאת מלאי למכירה,20,-17000.00
05/04/2025,100067,2500,הלוואה לזמן ארוך,החזר קרן הלוואה,90,4000.00
05/04/2025,100067,7100,הוצאות מימון,ריבית על הלוואה,90,1000.00
05/04/2025,100067,1100,"בנק לאומי עו""ש",תשלום החזר הלוואה חודשי,90,-5000.00
06/04/2025,100068,1300,מלאי,רכישת מלאי - ספק חומרי גלם א',20,22500.00
06/04/2025,100068,2210,"מע""מ תשומות","מע""מ תשומות 17%",90,3825.00
06/04/2025,100068,2100,ספקים,חוב לספק - ספק חומרי גלם א',20,-26325.00
08/04/2025,100069,1100,"בנק לאומי עו""ש",גבייה מלקוח - דלתא תעשיות,10,69400.00
08/04/2025,100069,1200,לקוחות,גבייה על חשבון חוב לקוח,10,-69400.00
09/04/2025,100070,1200,לקוחות,"חשבונית מכירה - אפסילון בע""מ",10,46215.00
09/04/2025,100070,4100,הכנסות ממכירות,הכנסות ממכירות,10,-39500.00
09/04/2025,100070,2200,"מע""מ עסקאות","מע""מ עסקאות 17%",90,-6715.00
10/04/2025,100071,6200,שיווק ופרסום,קמפיין שיווק ופרסום,40,8800.00
10/04/2025,100071,2210,"מע""מ תשומות","מע""מ תשומות 17%",90,1496.00
10/04/2025,100071,1100,"בנק לאומי עו""ש",תשלום ספק שיווק,40,-10296.00
12/04/2025,100072,2100,ספקים,תשלום לספק - ספק חומרי גלם א',20,23700.00
12/04/2025,100072,1100,"בנק לאומי עו""ש",העברה בנקאית לספק,20,-23700.00
15/04/2025,100073,5100,עלות המכר,עלות המכר - הוצאת מלאי,20,18000.00
15/04/2025,100073,1300,מלאי,הוצאת מלאי למכירה,20,-18000.00
15/04/2025,100074,2300,זכאים בגין שכר,תשלום מוסדות בגין שכר,30,14100.00
15/04/2025,100074,1100,"בנק לאומי עו""ש",העברה למוסדות,30,-14100.00
15/04/2025,100075,2200,"מע""מ עסקאות","קיזוז מע""מ עסקאות - דיווח תקופתי",90,32895.00
15/04/2025,100075,2210,"מע""מ תשומות","קיזוז מע""מ תשומות - דיווח תקופתי",90,-19907.00
15/04/2025,100075,1100,"בנק לאומי עו""ש","תשלום מע""מ לרשות המסים",90,-12988.00
16/04/2025,100076,1200,לקוחות,חשבונית מכירה - זטא סחר,10,42120.00
16/04/2025,100076,4100,הכנסות ממכירות,הכנסות ממכירות,10,-36000.00
16/04/2025,100076,2200,"מע""מ עסקאות","מע""מ עסקאות 17%",90,-6120.00
18/04/2025,100077,1100,"בנק לאומי עו""ש","גבייה מלקוח - אפסילון בע""מ",10,69400.00
18/04/2025,100077,1200,לקוחות,גבייה על חשבון חוב לקוח,10,-69400.00
20/04/2025,100078,1300,מלאי,רכישת מלאי - ספק חומרי גלם ב',20,24000.00
20/04/2025,100078,2210,"מע""מ תשומות","מע""מ תשומות 17%",90,4080.00
20/04/2025,100078,2100,ספקים,חוב לספק - ספק חומרי גלם ב',20,-28080.00
23/04/2025,100079,1200,לקוחות,חשבונית מכירה - אלפא טכנולוגיות,10,62595.00
23/04/2025,100079,4100,הכנסות ממכירות,הכנסות ממכירות,10,-53500.00
23/04/2025,100079,2200,"מע""מ עסקאות","מע""מ עסקאות 17%",90,-9095.00
24/04/2025,100080,1100,"בנק לאומי עו""ש",הכנסות אחרות - השכרת משנה,90,6600.00
24/04/2025,100080,4200,הכנסות אחרות,הכנסות אחרות,90,-6600.00
25/04/2025,100081,5100,עלות המכר,עלות המכר - הוצאת מלאי,20,15500.00
25/04/2025,100081,1300,מלאי,הוצאת מלאי למכירה,20,-15500.00
26/04/2025,100082,2100,ספקים,תשלום לספק - ספק חומרי גלם ב',20,23700.00
26/04/2025,100082,1100,"בנק לאומי עו""ש",העברה בנקאית לספק,20,-23700.00
27/04/2025,100083,2400,"חו""ז בעלים",משיכת בעלים,90,16500.00
27/04/2025,100083,1100,"בנק לאומי עו""ש","משיכה מהבנק לחו""ז בעלים",90,-16500.00
28/04/2025,100084,1100,"בנק לאומי עו""ש",גבייה מלקוח - זטא סחר,10,69400.00
28/04/2025,100084,1200,לקוחות,גבייה על חשבון חוב לקוח,10,-69400.00
28/04/2025,100085,6100,שכר ונלוות,שכר ונלוות לחודש 4/2025,30,58600.00
28/04/2025,100085,2300,זכאים בגין שכר,ניכויי חובה ומוסדות,30,-14100.00
28/04/2025,100085,1100,"בנק לאומי עו""ש",תשלום שכר נטו,30,-44500.00
30/04/2025,100086,6400,פחת והפחתות,פחת חודשי - רכוש קבוע,90,5200.00
30/04/2025,100086,1450,פחת נצבר,צבירת פחת נצבר,90,-5200.00
03/05/2025,100087,1200,לקוחות,"חשבונית מכירה - אפסילון בע""מ",10,59085.00
03/05/2025,100087,4100,הכנסות ממכירות,הכנסות ממכירות,10,-50500.00
03/05/2025,100087,2200,"מע""מ עסקאות","מע""מ עסקאות 17%",90,-8585.00
05/05/2025,100088,5100,עלות המכר,עלות המכר - הוצאת מלאי,20,23500.00
05/05/2025,100088,1300,מלאי,הוצאת מלאי למכירה,20,-23500.00
05/05/2025,100089,2500,הלוואה לזמן ארוך,החזר קרן הלוואה,90,4000.00
05/05/2025,100089,7100,הוצאות מימון,ריבית על הלוואה,90,1070.00
05/05/2025,100089,1100,"בנק לאומי עו""ש",תשלום החזר הלוואה חודשי,90,-5070.00
06/05/2025,100090,1300,מלאי,רכישת מלאי - ספק חומרי גלם א',20,30000.00
06/05/2025,100090,2210,"מע""מ תשומות","מע""מ תשומות 17%",90,5100.00
06/05/2025,100090,2100,ספקים,חוב לספק - ספק חומרי גלם א',20,-35100.00
08/05/2025,100091,1100,"בנק לאומי עו""ש","גבייה מלקוח - אפסילון בע""מ",10,67300.00
08/05/2025,100091,1200,לקוחות,גבייה על חשבון חוב לקוח,10,-67300.00
09/05/2025,100092,1200,לקוחות,חשבונית מכירה - זטא סחר,10,58500.00
09/05/2025,100092,4100,הכנסות ממכירות,הכנסות ממכירות,10,-50000.00
09/05/2025,100092,2200,"מע""מ עסקאות","מע""מ עסקאות 17%",90,-8500.00
10/05/2025,100093,6200,שיווק ופרסום,קמפיין שיווק ופרסום,40,13000.00
10/05/2025,100093,2210,"מע""מ תשומות","מע""מ תשומות 17%",90,2210.00
10/05/2025,100093,1100,"בנק לאומי עו""ש",תשלום ספק שיווק,40,-15210.00
12/05/2025,100094,2100,ספקים,תשלום לספק - ספק חומרי גלם א',20,24500.00
12/05/2025,100094,1100,"בנק לאומי עו""ש",העברה בנקאית לספק,20,-24500.00
15/05/2025,100095,5100,עלות המכר,עלות המכר - הוצאת מלאי,20,18500.00
15/05/2025,100095,1300,מלאי,הוצאת מלאי למכירה,20,-18500.00
15/05/2025,100096,2300,זכאים בגין שכר,תשלום מוסדות בגין שכר,30,14400.00
15/05/2025,100096,1100,"בנק לאומי עו""ש",העברה למוסדות,30,-14400.00
15/05/2025,100097,2200,"מע""מ עסקאות","קיזוז מע""מ עסקאות - דיווח תקופתי",90,31875.00
15/05/2025,100097,2210,"מע""מ תשומות","קיזוז מע""מ תשומות - דיווח תקופתי",90,-9401.00
15/05/2025,100097,1100,"בנק לאומי עו""ש","תשלום מע""מ לרשות המסים",90,-22474.00
16/05/2025,100098,1200,לקוחות,חשבונית מכירה - אלפא טכנולוגיות,10,69030.00
16/05/2025,100098,4100,הכנסות ממכירות,הכנסות ממכירות,10,-59000.00
16/05/2025,100098,2200,"מע""מ עסקאות","מע""מ עסקאות 17%",90,-10030.00
18/05/2025,100099,1100,"בנק לאומי עו""ש",גבייה מלקוח - זטא סחר,10,67300.00
18/05/2025,100099,1200,לקוחות,גבייה על חשבון חוב לקוח,10,-67300.00
20/05/2025,100100,1300,מלאי,רכישת מלאי - ספק חומרי גלם ב',20,38500.00
20/05/2025,100100,2210,"מע""מ תשומות","מע""מ תשומות 17%",90,6545.00
20/05/2025,100100,2100,ספקים,חוב לספק - ספק חומרי גלם ב',20,-45045.00
22/05/2025,100101,6300,הנהלה וכלליות,הוצאות הנהלה וכלליות,30,15200.00
22/05/2025,100101,2210,"מע""מ תשומות","מע""מ תשומות 17%",90,2584.00
22/05/2025,100101,1100,"בנק לאומי עו""ש",תשלום הוצאות משרד,30,-17784.00
23/05/2025,100102,1200,לקוחות,חשבונית מכירה - בטא מערכות,10,54990.00
23/05/2025,100102,4100,הכנסות ממכירות,הכנסות ממכירות,10,-47000.00
23/05/2025,100102,2200,"מע""מ עסקאות","מע""מ עסקאות 17%",90,-7990.00
25/05/2025,100103,5100,עלות המכר,עלות המכר - הוצאת מלאי,20,15000.00
25/05/2025,100103,1300,מלאי,הוצאת מלאי למכירה,20,-15000.00
26/05/2025,100104,2100,ספקים,תשלום לספק - ספק חומרי גלם ב',20,24500.00
26/05/2025,100104,1100,"בנק לאומי עו""ש",העברה בנקאית לספק,20,-24500.00
28/05/2025,100105,1100,"בנק לאומי עו""ש",גבייה מלקוח - אלפא טכנולוגיות,10,67300.00
28/05/2025,100105,1200,לקוחות,גבייה על חשבון חוב לקוח,10,-67300.00
28/05/2025,100106,6100,שכר ונלוות,שכר ונלוות לחודש 5/2025,30,60100.00
28/05/2025,100106,2300,זכאים בגין שכר,ניכויי חובה ומוסדות,30,-14400.00
28/05/2025,100106,1100,"בנק לאומי עו""ש",תשלום שכר נטו,30,-45700.00
31/05/2025,100107,6400,פחת והפחתות,פחת חודשי - רכוש קבוע,90,5200.00
31/05/2025,100107,1450,פחת נצבר,צבירת פחת נצבר,90,-5200.00
03/06/2025,100108,1200,לקוחות,חשבונית מכירה - זטא סחר,10,39780.00
03/06/2025,100108,4100,הכנסות ממכירות,הכנסות ממכירות,10,-34000.00
03/06/2025,100108,2200,"מע""מ עסקאות","מע""מ עסקאות 17%",90,-5780.00
05/06/2025,100109,5100,עלות המכר,עלות המכר - הוצאת מלאי,20,20500.00
05/06/2025,100109,1300,מלאי,הוצאת מלאי למכירה,20,-20500.00
05/06/2025,100110,2500,הלוואה לזמן ארוך,החזר קרן הלוואה,90,4000.00
05/06/2025,100110,7100,הוצאות מימון,ריבית על הלוואה,90,1090.00
05/06/2025,100110,1100,"בנק לאומי עו""ש",תשלום החזר הלוואה חודשי,90,-5090.00
06/06/2025,100111,1300,מלאי,רכישת מלאי - ספק חומרי גלם א',20,35500.00
06/06/2025,100111,2210,"מע""מ תשומות","מע""מ תשומות 17%",90,6035.00
06/06/2025,100111,2100,ספקים,חוב לספק - ספק חומרי גלם א',20,-41535.00
08/06/2025,100112,1100,"בנק לאומי עו""ש",גבייה מלקוח - זטא סחר,10,74100.00
08/06/2025,100112,1200,לקוחות,גבייה על חשבון חוב לקוח,10,-74100.00
09/06/2025,100113,1200,לקוחות,חשבונית מכירה - אלפא טכנולוגיות,10,43875.00
09/06/2025,100113,4100,הכנסות ממכירות,הכנסות ממכירות,10,-37500.00
09/06/2025,100113,2200,"מע""מ עסקאות","מע""מ עסקאות 17%",90,-6375.00
10/06/2025,100114,6200,שיווק ופרסום,קמפיין שיווק ופרסום,40,13900.00
10/06/2025,100114,2210,"מע""מ תשומות","מע""מ תשומות 17%",90,2363.00
10/06/2025,100114,1100,"בנק לאומי עו""ש",תשלום ספק שיווק,40,-16263.00
12/06/2025,100115,2100,ספקים,תשלום לספק - ספק חומרי גלם א',20,36100.00
12/06/2025,100115,1100,"בנק לאומי עו""ש",העברה בנקאית לספק,20,-36100.00
14/06/2025,100116,1100,"בנק לאומי עו""ש",הפקדת בעלים,90,20000.00
14/06/2025,100116,2400,"חו""ז בעלים","חו""ז בעלים - הפקדה",90,-20000.00
15/06/2025,100117,5100,עלות המכר,עלות המכר - הוצאת מלאי,20,20000.00
15/06/2025,100117,1300,מלאי,הוצאת מלאי למכירה,20,-20000.00
15/06/2025,100118,2300,זכאים בגין שכר,תשלום מוסדות בגין שכר,30,15800.00
15/06/2025,100118,1100,"בנק לאומי עו""ש",העברה למוסדות,30,-15800.00
15/06/2025,100119,2200,"מע""מ עסקאות","קיזוז מע""מ עסקאות - דיווח תקופתי",90,35105.00
15/06/2025,100119,2210,"מע""מ תשומות","קיזוז מע""מ תשומות - דיווח תקופתי",90,-16439.00
15/06/2025,100119,1100,"בנק לאומי עו""ש","תשלום מע""מ לרשות המסים",90,-18666.00
16/06/2025,100120,1200,לקוחות,חשבונית מכירה - בטא מערכות,10,39195.00
16/06/2025,100120,4100,הכנסות ממכירות,הכנסות ממכירות,10,-33500.00
16/06/2025,100120,2200,"מע""מ עסקאות","מע""מ עסקאות 17%",90,-5695.00
18/06/2025,100121,1100,"בנק לאומי עו""ש",גבייה מלקוח - אלפא טכנולוגיות,10,74100.00
18/06/2025,100121,1200,לקוחות,גבייה על חשבון חוב לקוח,10,-74100.00
19/06/2025,100122,6330,הוצאות משפטיות,שכר טרחה משפטי,30,5000.00
19/06/2025,100122,2210,"מע""מ תשומות","מע""מ תשומות 17%",90,850.00
19/06/2025,100122,1100,"בנק לאומי עו""ש",תשלום לעורך דין,30,-5850.00
20/06/2025,100123,1300,מלאי,רכישת מלאי - ספק חומרי גלם ב',20,32000.00
20/06/2025,100123,2210,"מע""מ תשומות","מע""מ תשומות 17%",90,5440.00
20/06/2025,100123,2100,ספקים,חוב לספק - ספק חומרי גלם ב',20,-37440.00
23/06/2025,100124,1200,לקוחות,חשבונית מכירה - גמא ייעוץ,10,45630.00
23/06/2025,100124,4100,הכנסות ממכירות,הכנסות ממכירות,10,-39000.00
23/06/2025,100124,2200,"מע""מ עסקאות","מע""מ עסקאות 17%",90,-6630.00
24/06/2025,100125,1100,"בנק לאומי עו""ש",הכנסות אחרות - השכרת משנה,90,9300.00
24/06/2025,100125,4200,הכנסות אחרות,הכנסות אחרות,90,-9300.00
25/06/2025,100126,5100,עלות המכר,עלות המכר - הוצאת מלאי,20,24000.00
25/06/2025,100126,1300,מלאי,הוצאת מלאי למכירה,20,-24000.00
26/06/2025,100127,2100,ספקים,תשלום לספק - ספק חומרי גלם ב',20,36100.00
26/06/2025,100127,1100,"בנק לאומי עו""ש",העברה בנקאית לספק,20,-36100.00
28/06/2025,100128,1100,"בנק לאומי עו""ש",גבייה מלקוח - בטא מערכות,10,74100.00
28/06/2025,100128,1200,לקוחות,גבייה על חשבון חוב לקוח,10,-74100.00
28/06/2025,100129,6100,שכר ונלוות,שכר ונלוות לחודש 6/2025,30,65800.00
28/06/2025,100129,2300,זכאים בגין שכר,ניכויי חובה ומוסדות,30,-15800.00
28/06/2025,100129,1100,"בנק לאומי עו""ש",תשלום שכר נטו,30,-50000.00
30/06/2025,100130,6400,פחת והפחתות,פחת חודשי - רכוש קבוע,90,5200.00
30/06/2025,100130,1450,פחת נצבר,צבירת פחת נצבר,90,-5200.00
03/07/2025,100131,1200,לקוחות,חשבונית מכירה - אלפא טכנולוגיות,10,66105.00
03/07/2025,100131,4100,הכנסות ממכירות,הכנסות ממכירות,10,-56500.00
03/07/2025,100131,2200,"מע""מ עסקאות","מע""מ עסקאות 17%",90,-9605.00
05/07/2025,100132,5100,עלות המכר,עלות המכר - הוצאת מלאי,20,16000.00
05/07/2025,100132,1300,מלאי,הוצאת מלאי למכירה,20,-16000.00
05/07/2025,100133,2500,הלוואה לזמן ארוך,החזר קרן הלוואה,90,4000.00
05/07/2025,100133,7100,הוצאות מימון,ריבית על הלוואה,90,1010.00
05/07/2025,100133,1100,"בנק לאומי עו""ש",תשלום החזר הלוואה חודשי,90,-5010.00
06/07/2025,100134,1300,מלאי,רכישת מלאי - ספק חומרי גלם א',20,21000.00
06/07/2025,100134,2210,"מע""מ תשומות","מע""מ תשומות 17%",90,3570.00
06/07/2025,100134,2100,ספקים,חוב לספק - ספק חומרי גלם א',20,-24570.00
08/07/2025,100135,1100,"בנק לאומי עו""ש",גבייה מלקוח - אלפא טכנולוגיות,10,51700.00
08/07/2025,100135,1200,לקוחות,גבייה על חשבון חוב לקוח,10,-51700.00
09/07/2025,100136,1200,לקוחות,חשבונית מכירה - בטא מערכות,10,57915.00
09/07/2025,100136,4100,הכנסות ממכירות,הכנסות ממכירות,10,-49500.00
09/07/2025,100136,2200,"מע""מ עסקאות","מע""מ עסקאות 17%",90,-8415.00
10/07/2025,100137,6200,שיווק ופרסום,קמפיין שיווק ופרסום,40,11200.00
10/07/2025,100137,2210,"מע""מ תשומות","מע""מ תשומות 17%",90,1904.00
10/07/2025,100137,1100,"בנק לאומי עו""ש",תשלום ספק שיווק,40,-13104.00
12/07/2025,100138,2100,ספקים,תשלום לספק - ספק חומרי גלם א',20,35500.00
12/07/2025,100138,1100,"בנק לאומי עו""ש",העברה בנקאית לספק,20,-35500.00
15/07/2025,100139,5100,עלות המכר,עלות המכר - הוצאת מלאי,20,15500.00
15/07/2025,100139,1300,מלאי,הוצאת מלאי למכירה,20,-15500.00
15/07/2025,100140,2300,זכאים בגין שכר,תשלום מוסדות בגין שכר,30,15100.00
15/07/2025,100140,1100,"בנק לאומי עו""ש",העברה למוסדות,30,-15100.00
15/07/2025,100141,2200,"מע""מ עסקאות","קיזוז מע""מ עסקאות - דיווח תקופתי",90,24480.00
15/07/2025,100141,2210,"מע""מ תשומות","קיזוז מע""מ תשומות - דיווח תקופתי",90,-14688.00
15/07/2025,100141,1100,"בנק לאומי עו""ש","תשלום מע""מ לרשות המסים",90,-9792.00
16/07/2025,100142,1200,לקוחות,חשבונית מכירה - גמא ייעוץ,10,51480.00
16/07/2025,100142,4100,הכנסות ממכירות,הכנסות ממכירות,10,-44000.00
16/07/2025,100142,2200,"מע""מ עסקאות","מע""מ עסקאות 17%",90,-7480.00
18/07/2025,100143,1100,"בנק לאומי עו""ש",גבייה מלקוח - בטא מערכות,10,51700.00
18/07/2025,100143,1200,לקוחות,גבייה על חשבון חוב לקוח,10,-51700.00
20/07/2025,100144,1300,מלאי,רכישת מלאי - ספק חומרי גלם ב',20,29000.00
20/07/2025,100144,2210,"מע""מ תשומות","מע""מ תשומות 17%",90,4930.00
20/07/2025,100144,2100,ספקים,חוב לספק - ספק חומרי גלם ב',20,-33930.00
22/07/2025,100145,6300,הנהלה וכלליות,הוצאות הנהלה וכלליות,30,13400.00
22/07/2025,100145,2210,"מע""מ תשומות","מע""מ תשומות 17%",90,2278.00
22/07/2025,100145,1100,"בנק לאומי עו""ש",תשלום הוצאות משרד,30,-15678.00
23/07/2025,100146,1200,לקוחות,חשבונית מכירה - דלתא תעשיות,10,59085.00
23/07/2025,100146,4100,הכנסות ממכירות,הכנסות ממכירות,10,-50500.00
23/07/2025,100146,2200,"מע""מ עסקאות","מע""מ עסקאות 17%",90,-8585.00
25/07/2025,100147,5100,עלות המכר,עלות המכר - הוצאת מלאי,20,21500.00
25/07/2025,100147,1300,מלאי,הוצאת מלאי למכירה,20,-21500.00
26/07/2025,100148,2100,ספקים,תשלום לספק - ספק חומרי גלם ב',20,35500.00
26/07/2025,100148,1100,"בנק לאומי עו""ש",העברה בנקאית לספק,20,-35500.00
28/07/2025,100149,1100,"בנק לאומי עו""ש",גבייה מלקוח - גמא ייעוץ,10,51700.00
28/07/2025,100149,1200,לקוחות,גבייה על חשבון חוב לקוח,10,-51700.00
28/07/2025,100150,6100,שכר ונלוות,שכר ונלוות לחודש 7/2025,30,62800.00
28/07/2025,100150,2300,זכאים בגין שכר,ניכויי חובה ומוסדות,30,-15100.00
28/07/2025,100150,1100,"בנק לאומי עו""ש",תשלום שכר נטו,30,-47700.00
31/07/2025,100151,6400,פחת והפחתות,פחת חודשי - רכוש קבוע,90,5200.00
31/07/2025,100151,1450,פחת נצבר,צבירת פחת נצבר,90,-5200.00
03/08/2025,100152,1200,לקוחות,חשבונית מכירה - בטא מערכות,10,62595.00
03/08/2025,100152,4100,הכנסות ממכירות,הכנסות ממכירות,10,-53500.00
03/08/2025,100152,2200,"מע""מ עסקאות","מע""מ עסקאות 17%",90,-9095.00
05/08/2025,100153,5100,עלות המכר,עלות המכר - הוצאת מלאי,20,15500.00
05/08/2025,100153,1300,מלאי,הוצאת מלאי למכירה,20,-15500.00
05/08/2025,100154,2500,הלוואה לזמן ארוך,החזר קרן הלוואה,90,4000.00
05/08/2025,100154,7100,הוצאות מימון,ריבית על הלוואה,90,1010.00
05/08/2025,100154,1100,"בנק לאומי עו""ש",תשלום החזר הלוואה חודשי,90,-5010.00
06/08/2025,100155,1300,מלאי,רכישת מלאי - ספק חומרי גלם א',20,37500.00
06/08/2025,100155,2210,"מע""מ תשומות","מע""מ תשומות 17%",90,6375.00
06/08/2025,100155,2100,ספקים,חוב לספק - ספק חומרי גלם א',20,-43875.00
08/08/2025,100156,1100,"בנק לאומי עו""ש",גבייה מלקוח - בטא מערכות,10,71900.00
08/08/2025,100156,1200,לקוחות,גבייה על חשבון חוב לקוח,10,-71900.00
09/08/2025,100157,1200,לקוחות,חשבונית מכירה - גמא ייעוץ,10,66105.00
09/08/2025,100157,4100,הכנסות ממכירות,הכנסות ממכירות,10,-56500.00
09/08/2025,100157,2200,"מע""מ עסקאות","מע""מ עסקאות 17%",90,-9605.00
10/08/2025,100158,6200,שיווק ופרסום,קמפיין שיווק ופרסום,40,14100.00
10/08/2025,100158,2210,"מע""מ תשומות","מע""מ תשומות 17%",90,2397.00
10/08/2025,100158,1100,"בנק לאומי עו""ש",תשלום ספק שיווק,40,-16497.00
12/08/2025,100159,2100,ספקים,תשלום לספק - ספק חומרי גלם א',20,26300.00
12/08/2025,100159,1100,"בנק לאומי עו""ש",העברה בנקאית לספק,20,-26300.00
15/08/2025,100160,5100,עלות המכר,עלות המכר - הוצאת מלאי,20,19000.00
15/08/2025,100160,1300,מלאי,הוצאת מלאי למכירה,20,-19000.00
15/08/2025,100161,2300,זכאים בגין שכר,תשלום מוסדות בגין שכר,30,15100.00
15/08/2025,100161,1100,"בנק לאומי עו""ש",העברה למוסדות,30,-15100.00
15/08/2025,100162,2200,"מע""מ עסקאות","קיזוז מע""מ עסקאות - דיווח תקופתי",90,34085.00
15/08/2025,100162,2210,"מע""מ תשומות","קיזוז מע""מ תשומות - דיווח תקופתי",90,-12682.00
15/08/2025,100162,1100,"בנק לאומי עו""ש","תשלום מע""מ לרשות המסים",90,-21403.00
16/08/2025,100163,1200,לקוחות,חשבונית מכירה - דלתא תעשיות,10,47385.00
16/08/2025,100163,4100,הכנסות ממכירות,הכנסות ממכירות,10,-40500.00
16/08/2025,100163,2200,"מע""מ עסקאות","מע""מ עסקאות 17%",90,-6885.00
18/08/2025,100164,1100,"בנק לאומי עו""ש",גבייה מלקוח - גמא ייעוץ,10,71900.00
18/08/2025,100164,1200,לקוחות,גבייה על חשבון חוב לקוח,10,-71900.00
20/08/2025,100165,1300,מלאי,רכישת מלאי - ספק חומרי גלם ב',20,29500.00
20/08/2025,100165,2210,"מע""מ תשומות","מע""מ תשומות 17%",90,5015.00
20/08/2025,100165,2100,ספקים,חוב לספק - ספק חומרי גלם ב',20,-34515.00
23/08/2025,100166,1200,לקוחות,"חשבונית מכירה - אפסילון בע""מ",10,67860.00
23/08/2025,100166,4100,הכנסות ממכירות,הכנסות ממכירות,10,-58000.00
23/08/2025,100166,2200,"מע""מ עסקאות","מע""מ עסקאות 17%",90,-9860.00
24/08/2025,100167,1100,"בנק לאומי עו""ש",הכנסות אחרות - השכרת משנה,90,4500.00
24/08/2025,100167,4200,הכנסות אחרות,הכנסות אחרות,90,-4500.00
25/08/2025,100168,5100,עלות המכר,עלות המכר - הוצאת מלאי,20,25000.00
25/08/2025,100168,1300,מלאי,הוצאת מלאי למכירה,20,-25000.00
26/08/2025,100169,2100,ספקים,תשלום לספק - ספק חומרי גלם ב',20,26300.00
26/08/2025,100169,1100,"בנק לאומי עו""ש",העברה בנקאית לספק,20,-26300.00
27/08/2025,100170,2400,"חו""ז בעלים",משיכת בעלים,90,18500.00
27/08/2025,100170,1100,"בנק לאומי עו""ש","משיכה מהבנק לחו""ז בעלים",90,-18500.00
28/08/2025,100171,1100,"בנק לאומי עו""ש",גבייה מלקוח - דלתא תעשיות,10,71900.00
28/08/2025,100171,1200,לקוחות,גבייה על חשבון חוב לקוח,10,-71900.00
28/08/2025,100172,6100,שכר ונלוות,שכר ונלוות לחודש 8/2025,30,63000.00
28/08/2025,100172,2300,זכאים בגין שכר,ניכויי חובה ומוסדות,30,-15100.00
28/08/2025,100172,1100,"בנק לאומי עו""ש",תשלום שכר נטו,30,-47900.00
31/08/2025,100173,6400,פחת והפחתות,פחת חודשי - רכוש קבוע,90,5200.00
31/08/2025,100173,1450,פחת נצבר,צבירת פחת נצבר,90,-5200.00
03/09/2025,100174,1200,לקוחות,חשבונית מכירה - גמא ייעוץ,10,65520.00
03/09/2025,100174,4100,הכנסות ממכירות,הכנסות ממכירות,10,-56000.00
03/09/2025,100174,2200,"מע""מ עסקאות","מע""מ עסקאות 17%",90,-9520.00
05/09/2025,100175,5100,עלות המכר,עלות המכר - הוצאת מלאי,20,19500.00
05/09/2025,100175,1300,מלאי,הוצאת מלאי למכירה,20,-19500.00
05/09/2025,100176,2500,הלוואה לזמן ארוך,החזר קרן הלוואה,90,4000.00
05/09/2025,100176,7100,הוצאות מימון,ריבית על הלוואה,90,760.00
05/09/2025,100176,1100,"בנק לאומי עו""ש",תשלום החזר הלוואה חודשי,90,-4760.00
06/09/2025,100177,1300,מלאי,רכישת מלאי - ספק חומרי גלם א',20,30500.00
06/09/2025,100177,2210,"מע""מ תשומות","מע""מ תשומות 17%",90,5185.00
06/09/2025,100177,2100,ספקים,חוב לספק - ספק חומרי גלם א',20,-35685.00
08/09/2025,100178,1100,"בנק לאומי עו""ש",גבייה מלקוח - גמא ייעוץ,10,74800.00
08/09/2025,100178,1200,לקוחות,גבייה על חשבון חוב לקוח,10,-74800.00
09/09/2025,100179,1200,לקוחות,חשבונית מכירה - דלתא תעשיות,10,49725.00
09/09/2025,100179,4100,הכנסות ממכירות,הכנסות ממכירות,10,-42500.00
09/09/2025,100179,2200,"מע""מ עסקאות","מע""מ עסקאות 17%",90,-7225.00
10/09/2025,100180,6200,שיווק ופרסום,קמפיין שיווק ופרסום,40,10300.00
10/09/2025,100180,2210,"מע""מ תשומות","מע""מ תשומות 17%",90,1751.00
10/09/2025,100180,1100,"בנק לאומי עו""ש",תשלום ספק שיווק,40,-12051.00
11/09/2025,100181,1400,רכוש קבוע - עלות,רכישת רכוש קבוע - ציוד,20,43000.00
11/09/2025,100181,2210,"מע""מ תשומות","מע""מ תשומות 17%",90,7310.00
11/09/2025,100181,2100,ספקים,חוב לספק ציוד,20,-50310.00
12/09/2025,100182,2100,ספקים,תשלום לספק - ספק חומרי גלם א',20,35300.00
12/09/2025,100182,1100,"בנק לאומי עו""ש",העברה בנקאית לספק,20,-35300.00
15/09/2025,100183,5100,עלות המכר,עלות המכר - הוצאת מלאי,20,16000.00
15/09/2025,100183,1300,מלאי,הוצאת מלאי למכירה,20,-16000.00
15/09/2025,100184,2300,זכאים בגין שכר,תשלום מוסדות בגין שכר,30,15400.00
15/09/2025,100184,1100,"בנק לאומי עו""ש",העברה למוסדות,30,-15400.00
15/09/2025,100185,2200,"מע""מ עסקאות","קיזוז מע""מ עסקאות - דיווח תקופתי",90,35445.00
15/09/2025,100185,2210,"מע""מ תשומות","קיזוז מע""מ תשומות - דיווח תקופתי",90,-13787.00
15/09/2025,100185,1100,"בנק לאומי עו""ש","תשלום מע""מ לרשות המסים",90,-21658.00
16/09/2025,100186,1200,לקוחות,"חשבונית מכירה - אפסילון בע""מ",10,42705.00
16/09/2025,100186,4100,הכנסות ממכירות,הכנסות ממכירות,10,-36500.00
16/09/2025,100186,2200,"מע""מ עסקאות","מע""מ עסקאות 17%",90,-6205.00
18/09/2025,100187,1100,"בנק לאומי עו""ש",גבייה מלקוח - דלתא תעשיות,10,74800.00
18/09/2025,100187,1200,לקוחות,גבייה על חשבון חוב לקוח,10,-74800.00
19/09/2025,100188,6330,הוצאות משפטיות,שכר טרחה משפטי,30,5900.00
19/09/2025,100188,2210,"מע""מ תשומות","מע""מ תשומות 17%",90,1003.00
19/09/2025,100188,1100,"בנק לאומי עו""ש",תשלום לעורך דין,30,-6903.00
20/09/2025,100189,1300,מלאי,רכישת מלאי - ספק חומרי גלם ב',20,22500.00
20/09/2025,100189,2210,"מע""מ תשומות","מע""מ תשומות 17%",90,3825.00
20/09/2025,100189,2100,ספקים,חוב לספק - ספק חומרי גלם ב',20,-26325.00
22/09/2025,100190,6300,הנהלה וכלליות,הוצאות הנהלה וכלליות,30,15900.00
22/09/2025,100190,2210,"מע""מ תשומות","מע""מ תשומות 17%",90,2703.00
22/09/2025,100190,1100,"בנק לאומי עו""ש",תשלום הוצאות משרד,30,-18603.00
23/09/2025,100191,1200,לקוחות,חשבונית מכירה - זטא סחר,10,54405.00
23/09/2025,100191,4100,הכנסות ממכירות,הכנסות ממכירות,10,-46500.00
23/09/2025,100191,2200,"מע""מ עסקאות","מע""מ עסקאות 17%",90,-7905.00
25/09/2025,100192,5100,עלות המכר,עלות המכר - הוצאת מלאי,20,14000.00
25/09/2025,100192,1300,מלאי,הוצאת מלאי למכירה,20,-14000.00
26/09/2025,100193,2100,ספקים,תשלום לספק - ספק חומרי גלם ב',20,35300.00
26/09/2025,100193,1100,"בנק לאומי עו""ש",העברה בנקאית לספק,20,-35300.00
28/09/2025,100194,1100,"בנק לאומי עו""ש","גבייה מלקוח - אפסילון בע""מ",10,74800.00
28/09/2025,100194,1200,לקוחות,גבייה על חשבון חוב לקוח,10,-74800.00
28/09/2025,100195,6100,שכר ונלוות,שכר ונלוות לחודש 9/2025,30,64300.00
28/09/2025,100195,2300,זכאים בגין שכר,ניכויי חובה ומוסדות,30,-15400.00
28/09/2025,100195,1100,"בנק לאומי עו""ש",תשלום שכר נטו,30,-48900.00
30/09/2025,100196,6400,פחת והפחתות,פחת חודשי - רכוש קבוע,90,5200.00
30/09/2025,100196,1450,פחת נצבר,צבירת פחת נצבר,90,-5200.00
03/10/2025,100197,1200,לקוחות,חשבונית מכירה - דלתא תעשיות,10,67275.00
03/10/2025,100197,4100,הכנסות ממכירות,הכנסות ממכירות,10,-57500.00
03/10/2025,100197,2200,"מע""מ עסקאות","מע""מ עסקאות 17%",90,-9775.00
05/10/2025,100198,5100,עלות המכר,עלות המכר - הוצאת מלאי,20,13500.00
05/10/2025,100198,1300,מלאי,הוצאת מלאי למכירה,20,-13500.00
05/10/2025,100199,2500,הלוואה לזמן ארוך,החזר קרן הלוואה,90,4000.00
05/10/2025,100199,7100,הוצאות מימון,ריבית על הלוואה,90,870.00
05/10/2025,100199,1100,"בנק לאומי עו""ש",תשלום החזר הלוואה חודשי,90,-4870.00
06/10/2025,100200,1300,מלאי,רכישת מלאי - ספק חומרי גלם א',20,34500.00
06/10/2025,100200,2210,"מע""מ תשומות","מע""מ תשומות 17%",90,5865.00
06/10/2025,100200,2100,ספקים,חוב לספק - ספק חומרי גלם א',20,-40365.00
08/10/2025,100201,1100,"בנק לאומי עו""ש",גבייה מלקוח - דלתא תעשיות,10,65100.00
08/10/2025,100201,1200,לקוחות,גבייה על חשבון חוב לקוח,10,-65100.00
09/10/2025,100202,1200,לקוחות,"חשבונית מכירה - אפסילון בע""מ",10,67275.00
09/10/2025,100202,4100,הכנסות ממכירות,הכנסות ממכירות,10,-57500.00
09/10/2025,100202,2200,"מע""מ עסקאות","מע""מ עסקאות 17%",90,-9775.00
10/10/2025,100203,6200,שיווק ופרסום,קמפיין שיווק ופרסום,40,14900.00
10/10/2025,100203,2210,"מע""מ תשומות","מע""מ תשומות 17%",90,2533.00
10/10/2025,100203,1100,"בנק לאומי עו""ש",תשלום ספק שיווק,40,-17433.00
12/10/2025,100204,2100,ספקים,תשלום לספק - ספק חומרי גלם א',20,27900.00
12/10/2025,100204,1100,"בנק לאומי עו""ש",העברה בנקאית לספק,20,-27900.00
15/10/2025,100205,5100,עלות המכר,עלות המכר - הוצאת מלאי,20,13000.00
15/10/2025,100205,1300,מלאי,הוצאת מלאי למכירה,20,-13000.00
15/10/2025,100206,2300,זכאים בגין שכר,תשלום מוסדות בגין שכר,30,13800.00
15/10/2025,100206,1100,"בנק לאומי עו""ש",העברה למוסדות,30,-13800.00
15/10/2025,100207,2200,"מע""מ עסקאות","קיזוז מע""מ עסקאות - דיווח תקופתי",90,30855.00
15/10/2025,100207,2210,"מע""מ תשומות","קיזוז מע""מ תשומות - דיווח תקופתי",90,-21777.00
15/10/2025,100207,1100,"בנק לאומי עו""ש","תשלום מע""מ לרשות המסים",90,-9078.00
16/10/2025,100208,1200,לקוחות,חשבונית מכירה - זטא סחר,10,48555.00
16/10/2025,100208,4100,הכנסות ממכירות,הכנסות ממכירות,10,-41500.00
16/10/2025,100208,2200,"מע""מ עסקאות","מע""מ עסקאות 17%",90,-7055.00
18/10/2025,100209,1100,"בנק לאומי עו""ש","גבייה מלקוח - אפסילון בע""מ",10,65100.00
18/10/2025,100209,1200,לקוחות,גבייה על חשבון חוב לקוח,10,-65100.00
20/10/2025,100210,1300,מלאי,רכישת מלאי - ספק חומרי גלם ב',20,22000.00
20/10/2025,100210,2210,"מע""מ תשומות","מע""מ תשומות 17%",90,3740.00
20/10/2025,100210,2100,ספקים,חוב לספק - ספק חומרי גלם ב',20,-25740.00
23/10/2025,100211,1200,לקוחות,חשבונית מכירה - אלפא טכנולוגיות,10,44460.00
23/10/2025,100211,4100,הכנסות ממכירות,הכנסות ממכירות,10,-38000.00
23/10/2025,100211,2200,"מע""מ עסקאות","מע""מ עסקאות 17%",90,-6460.00
24/10/2025,100212,1100,"בנק לאומי עו""ש",הכנסות אחרות - השכרת משנה,90,6700.00
24/10/2025,100212,4200,הכנסות אחרות,הכנסות אחרות,90,-6700.00
25/10/2025,100213,5100,עלות המכר,עלות המכר - הוצאת מלאי,20,24000.00
25/10/2025,100213,1300,מלאי,הוצאת מלאי למכירה,20,-24000.00
26/10/2025,100214,2100,ספקים,תשלום לספק - ספק חומרי גלם ב',20,27900.00
26/10/2025,100214,1100,"בנק לאומי עו""ש",העברה בנקאית לספק,20,-27900.00
28/10/2025,100215,1100,"בנק לאומי עו""ש",גבייה מלקוח - זטא סחר,10,65100.00
28/10/2025,100215,1200,לקוחות,גבייה על חשבון חוב לקוח,10,-65100.00
28/10/2025,100216,6100,שכר ונלוות,שכר ונלוות לחודש 10/2025,30,57600.00
28/10/2025,100216,2300,זכאים בגין שכר,ניכויי חובה ומוסדות,30,-13800.00
28/10/2025,100216,1100,"בנק לאומי עו""ש",תשלום שכר נטו,30,-43800.00
31/10/2025,100217,6400,פחת והפחתות,פחת חודשי - רכוש קבוע,90,5200.00
31/10/2025,100217,1450,פחת נצבר,צבירת פחת נצבר,90,-5200.00
03/11/2025,100218,1200,לקוחות,"חשבונית מכירה - אפסילון בע""מ",10,54990.00
03/11/2025,100218,4100,הכנסות ממכירות,הכנסות ממכירות,10,-47000.00
03/11/2025,100218,2200,"מע""מ עסקאות","מע""מ עסקאות 17%",90,-7990.00
05/11/2025,100219,5100,עלות המכר,עלות המכר - הוצאת מלאי,20,19000.00
05/11/2025,100219,1300,מלאי,הוצאת מלאי למכירה,20,-19000.00
05/11/2025,100220,2500,הלוואה לזמן ארוך,החזר קרן הלוואה,90,4000.00
05/11/2025,100220,7100,הוצאות מימון,ריבית על הלוואה,90,900.00
05/11/2025,100220,1100,"בנק לאומי עו""ש",תשלום החזר הלוואה חודשי,90,-4900.00
06/11/2025,100221,1300,מלאי,רכישת מלאי - ספק חומרי גלם א',20,32000.00
06/11/2025,100221,2210,"מע""מ תשומות","מע""מ תשומות 17%",90,5440.00
06/11/2025,100221,2100,ספקים,חוב לספק - ספק חומרי גלם א',20,-37440.00
08/11/2025,100222,1100,"בנק לאומי עו""ש","גבייה מלקוח - אפסילון בע""מ",10,69800.00
08/11/2025,100222,1200,לקוחות,גבייה על חשבון חוב לקוח,10,-69800.00
09/11/2025,100223,1200,לקוחות,חשבונית מכירה - זטא סחר,10,54405.00
09/11/2025,100223,4100,הכנסות ממכירות,הכנסות ממכירות,10,-46500.00
09/11/2025,100223,2200,"מע""מ עסקאות","מע""מ עסקאות 17%",90,-7905.00
10/11/2025,100224,6200,שיווק ופרסום,קמפיין שיווק ופרסום,40,12300.00
10/11/2025,100224,2210,"מע""מ תשומות","מע""מ תשומות 17%",90,2091.00
10/11/2025,100224,1100,"בנק לאומי עו""ש",תשלום ספק שיווק,40,-14391.00
12/11/2025,100225,2100,ספקים,תשלום לספק - ספק חומרי גלם א',20,29700.00
12/11/2025,100225,1100,"בנק לאומי עו""ש",העברה בנקאית לספק,20,-29700.00
15/11/2025,100226,5100,עלות המכר,עלות המכר - הוצאת מלאי,20,15000.00
15/11/2025,100226,1300,מלאי,הוצאת מלאי למכירה,20,-15000.00
15/11/2025,100227,2300,זכאים בגין שכר,תשלום מוסדות בגין שכר,30,15900.00
15/11/2025,100227,1100,"בנק לאומי עו""ש",העברה למוסדות,30,-15900.00
15/11/2025,100228,2200,"מע""מ עסקאות","קיזוז מע""מ עסקאות - דיווח תקופתי",90,33065.00
15/11/2025,100228,2210,"מע""מ תשומות","קיזוז מע""מ תשומות - דיווח תקופתי",90,-12138.00
15/11/2025,100228,1100,"בנק לאומי עו""ש","תשלום מע""מ לרשות המסים",90,-20927.00
16/11/2025,100229,1200,לקוחות,חשבונית מכירה - אלפא טכנולוגיות,10,42705.00
16/11/2025,100229,4100,הכנסות ממכירות,הכנסות ממכירות,10,-36500.00
16/11/2025,100229,2200,"מע""מ עסקאות","מע""מ עסקאות 17%",90,-6205.00
18/11/2025,100230,1100,"בנק לאומי עו""ש",גבייה מלקוח - זטא סחר,10,69800.00
18/11/2025,100230,1200,לקוחות,גבייה על חשבון חוב לקוח,10,-69800.00
20/11/2025,100231,1300,מלאי,רכישת מלאי - ספק חומרי גלם ב',20,28000.00
20/11/2025,100231,2210,"מע""מ תשומות","מע""מ תשומות 17%",90,4760.00
20/11/2025,100231,2100,ספקים,חוב לספק - ספק חומרי גלם ב',20,-32760.00
22/11/2025,100232,6300,הנהלה וכלליות,הוצאות הנהלה וכלליות,30,16500.00
22/11/2025,100232,2210,"מע""מ תשומות","מע""מ תשומות 17%",90,2805.00
22/11/2025,100232,1100,"בנק לאומי עו""ש",תשלום הוצאות משרד,30,-19305.00
23/11/2025,100233,1200,לקוחות,חשבונית מכירה - בטא מערכות,10,45630.00
23/11/2025,100233,4100,הכנסות ממכירות,הכנסות ממכירות,10,-39000.00
23/11/2025,100233,2200,"מע""מ עסקאות","מע""מ עסקאות 17%",90,-6630.00
25/11/2025,100234,5100,עלות המכר,עלות המכר - הוצאת מלאי,20,16000.00
25/11/2025,100234,1300,מלאי,הוצאת מלאי למכירה,20,-16000.00
26/11/2025,100235,2100,ספקים,תשלום לספק - ספק חומרי גלם ב',20,29700.00
26/11/2025,100235,1100,"בנק לאומי עו""ש",העברה בנקאית לספק,20,-29700.00
28/11/2025,100236,1100,"בנק לאומי עו""ש",גבייה מלקוח - אלפא טכנולוגיות,10,69800.00
28/11/2025,100236,1200,לקוחות,גבייה על חשבון חוב לקוח,10,-69800.00
28/11/2025,100237,6100,שכר ונלוות,שכר ונלוות לחודש 11/2025,30,66100.00
28/11/2025,100237,2300,זכאים בגין שכר,ניכויי חובה ומוסדות,30,-15900.00
28/11/2025,100237,1100,"בנק לאומי עו""ש",תשלום שכר נטו,30,-50200.00
30/11/2025,100238,6400,פחת והפחתות,פחת חודשי - רכוש קבוע,90,5200.00
30/11/2025,100238,1450,פחת נצבר,צבירת פחת נצבר,90,-5200.00
03/12/2025,100239,1200,לקוחות,חשבונית מכירה - זטא סחר,10,37440.00
03/12/2025,100239,4100,הכנסות ממכירות,הכנסות ממכירות,10,-32000.00
03/12/2025,100239,2200,"מע""מ עסקאות","מע""מ עסקאות 17%",90,-5440.00
05/12/2025,100240,5100,עלות המכר,עלות המכר - הוצאת מלאי,20,22000.00
05/12/2025,100240,1300,מלאי,הוצאת מלאי למכירה,20,-22000.00
05/12/2025,100241,2500,הלוואה לזמן ארוך,החזר קרן הלוואה,90,4000.00
05/12/2025,100241,7100,הוצאות מימון,ריבית על הלוואה,90,880.00
05/12/2025,100241,1100,"בנק לאומי עו""ש",תשלום החזר הלוואה חודשי,90,-4880.00
06/12/2025,100242,1300,מלאי,רכישת מלאי - ספק חומרי גלם א',20,32500.00
06/12/2025,100242,2210,"מע""מ תשומות","מע""מ תשומות 17%",90,5525.00
06/12/2025,100242,2100,ספקים,חוב לספק - ספק חומרי גלם א',20,-38025.00
08/12/2025,100243,1100,"בנק לאומי עו""ש",גבייה מלקוח - זטא סחר,10,60600.00
08/12/2025,100243,1200,לקוחות,גבייה על חשבון חוב לקוח,10,-60600.00
09/12/2025,100244,1200,לקוחות,חשבונית מכירה - אלפא טכנולוגיות,10,66690.00
09/12/2025,100244,4100,הכנסות ממכירות,הכנסות ממכירות,10,-57000.00
09/12/2025,100244,2200,"מע""מ עסקאות","מע""מ עסקאות 17%",90,-9690.00
10/12/2025,100245,6200,שיווק ופרסום,קמפיין שיווק ופרסום,40,9000.00
10/12/2025,100245,2210,"מע""מ תשומות","מע""מ תשומות 17%",90,1530.00
10/12/2025,100245,1100,"בנק לאומי עו""ש",תשלום ספק שיווק,40,-10530.00
12/12/2025,100246,2100,ספקים,תשלום לספק - ספק חומרי גלם א',20,31600.00
12/12/2025,100246,1100,"בנק לאומי עו""ש",העברה בנקאית לספק,20,-31600.00
15/12/2025,100247,5100,עלות המכר,עלות המכר - הוצאת מלאי,20,16000.00
15/12/2025,100247,1300,מלאי,הוצאת מלאי למכירה,20,-16000.00
15/12/2025,100248,2300,זכאים בגין שכר,תשלום מוסדות בגין שכר,30,14300.00
15/12/2025,100248,1100,"בנק לאומי עו""ש",העברה למוסדות,30,-14300.00
15/12/2025,100249,2200,"מע""מ עסקאות","קיזוז מע""מ עסקאות - דיווח תקופתי",90,28730.00
15/12/2025,100249,2210,"מע""מ תשומות","קיזוז מע""מ תשומות - דיווח תקופתי",90,-15096.00
15/12/2025,100249,1100,"בנק לאומי עו""ש","תשלום מע""מ לרשות המסים",90,-13634.00
16/12/2025,100250,1200,לקוחות,חשבונית מכירה - בטא מערכות,10,43290.00
16/12/2025,100250,4100,הכנסות ממכירות,הכנסות ממכירות,10,-37000.00
16/12/2025,100250,2200,"מע""מ עסקאות","מע""מ עסקאות 17%",90,-6290.00
18/12/2025,100251,1100,"בנק לאומי עו""ש",גבייה מלקוח - אלפא טכנולוגיות,10,60600.00
18/12/2025,100251,1200,לקוחות,גבייה על חשבון חוב לקוח,10,-60600.00
19/12/2025,100252,6330,הוצאות משפטיות,שכר טרחה משפטי,30,4200.00
19/12/2025,100252,2210,"מע""מ תשומות","מע""מ תשומות 17%",90,714.00
19/12/2025,100252,1100,"בנק לאומי עו""ש",תשלום לעורך דין,30,-4914.00
20/12/2025,100253,1300,מלאי,רכישת מלאי - ספק חומרי גלם ב',20,32000.00
20/12/2025,100253,2210,"מע""מ תשומות","מע""מ תשומות 17%",90,5440.00
20/12/2025,100253,2100,ספקים,חוב לספק - ספק חומרי גלם ב',20,-37440.00
23/12/2025,100254,1200,לקוחות,חשבונית מכירה - גמא ייעוץ,10,57330.00
23/12/2025,100254,4100,הכנסות ממכירות,הכנסות ממכירות,10,-49000.00
23/12/2025,100254,2200,"מע""מ עסקאות","מע""מ עסקאות 17%",90,-8330.00
24/12/2025,100255,1100,"בנק לאומי עו""ש",הכנסות אחרות - השכרת משנה,90,6100.00
24/12/2025,100255,4200,הכנסות אחרות,הכנסות אחרות,90,-6100.00
25/12/2025,100256,5100,עלות המכר,עלות המכר - הוצאת מלאי,20,21500.00
25/12/2025,100256,1300,מלאי,הוצאת מלאי למכירה,20,-21500.00
26/12/2025,100257,2100,ספקים,תשלום לספק - ספק חומרי גלם ב',20,31600.00
26/12/2025,100257,1100,"בנק לאומי עו""ש",העברה בנקאית לספק,20,-31600.00
27/12/2025,100258,2400,"חו""ז בעלים",משיכת בעלים,90,15000.00
27/12/2025,100258,1100,"בנק לאומי עו""ש","משיכה מהבנק לחו""ז בעלים",90,-15000.00
28/12/2025,100259,1100,"בנק לאומי עו""ש",גבייה מלקוח - בטא מערכות,10,60600.00
28/12/2025,100259,1200,לקוחות,גבייה על חשבון חוב לקוח,10,-60600.00
28/12/2025,100260,6100,שכר ונלוות,שכר ונלוות לחודש 12/2025,30,59400.00
28/12/2025,100260,2300,זכאים בגין שכר,ניכויי חובה ומוסדות,30,-14300.00
28/12/2025,100260,1100,"בנק לאומי עו""ש",תשלום שכר נטו,30,-45100.00
31/12/2025,100261,6400,פחת והפחתות,פחת חודשי - רכוש קבוע,90,5200.00
31/12/2025,100261,1450,פחת נצבר,צבירת פחת נצבר,90,-5200.00
03/01/2026,100263,1200,לקוחות,חשבונית מכירה - אלפא טכנולוגיות,10,39195.00
03/01/2026,100263,4100,הכנסות ממכירות,הכנסות ממכירות,10,-33500.00
03/01/2026,100263,2200,"מע""מ עסקאות","מע""מ עסקאות 17%",90,-5695.00
04/01/2026,100264,1100,"בנק לאומי עו""ש",קבלת הלוואה בנקאית חדשה,90,120000.00
04/01/2026,100264,2500,הלוואה לזמן ארוך,הלוואה לזמן ארוך - קרן,90,-120000.00
05/01/2026,100265,5100,עלות המכר,עלות המכר - הוצאת מלאי,20,17500.00
05/01/2026,100265,1300,מלאי,הוצאת מלאי למכירה,20,-17500.00
05/01/2026,100266,2500,הלוואה לזמן ארוך,החזר קרן הלוואה,90,4000.00
05/01/2026,100266,7100,הוצאות מימון,ריבית על הלוואה,90,900.00
05/01/2026,100266,1100,"בנק לאומי עו""ש",תשלום החזר הלוואה חודשי,90,-4900.00
06/01/2026,100267,1300,מלאי,רכישת מלאי - ספק חומרי גלם א',20,29000.00
06/01/2026,100267,2210,"מע""מ תשומות","מע""מ תשומות 17%",90,4930.00
06/01/2026,100267,2100,ספקים,חוב לספק - ספק חומרי גלם א',20,-33930.00
08/01/2026,100268,1100,"בנק לאומי עו""ש",גבייה מלקוח - אלפא טכנולוגיות,10,62800.00
08/01/2026,100268,1200,לקוחות,גבייה על חשבון חוב לקוח,10,-62800.00
09/01/2026,100269,1200,לקוחות,חשבונית מכירה - בטא מערכות,10,43290.00
09/01/2026,100269,4100,הכנסות ממכירות,הכנסות ממכירות,10,-37000.00
09/01/2026,100269,2200,"מע""מ עסקאות","מע""מ עסקאות 17%",90,-6290.00
10/01/2026,100270,6200,שיווק ופרסום,קמפיין שיווק ופרסום,40,13200.00
10/01/2026,100270,2210,"מע""מ תשומות","מע""מ תשומות 17%",90,2244.00
10/01/2026,100270,1100,"בנק לאומי עו""ש",תשלום ספק שיווק,40,-15444.00
12/01/2026,100271,2100,ספקים,תשלום לספק - ספק חומרי גלם א',20,34000.00
12/01/2026,100271,1100,"בנק לאומי עו""ש",העברה בנקאית לספק,20,-34000.00
15/01/2026,100272,5100,עלות המכר,עלות המכר - הוצאת מלאי,20,23500.00
15/01/2026,100272,1300,מלאי,הוצאת מלאי למכירה,20,-23500.00
15/01/2026,100273,2300,זכאים בגין שכר,תשלום מוסדות בגין שכר,30,15100.00
15/01/2026,100273,1100,"בנק לאומי עו""ש",העברה למוסדות,30,-15100.00
15/01/2026,100274,2200,"מע""מ עסקאות","קיזוז מע""מ עסקאות - דיווח תקופתי",90,29750.00
15/01/2026,100274,2210,"מע""מ תשומות","קיזוז מע""מ תשומות - דיווח תקופתי",90,-13209.00
15/01/2026,100274,1100,"בנק לאומי עו""ש","תשלום מע""מ לרשות המסים",90,-16541.00
16/01/2026,100275,1200,לקוחות,חשבונית מכירה - גמא ייעוץ,10,67860.00
16/01/2026,100275,4100,הכנסות ממכירות,הכנסות ממכירות,10,-58000.00
16/01/2026,100275,2200,"מע""מ עסקאות","מע""מ עסקאות 17%",90,-9860.00
18/01/2026,100276,1100,"בנק לאומי עו""ש",גבייה מלקוח - בטא מערכות,10,62800.00
18/01/2026,100276,1200,לקוחות,גבייה על חשבון חוב לקוח,10,-62800.00
20/01/2026,100277,1300,מלאי,רכישת מלאי - ספק חומרי גלם ב',20,32500.00
20/01/2026,100277,2210,"מע""מ תשומות","מע""מ תשומות 17%",90,5525.00
20/01/2026,100277,2100,ספקים,חוב לספק - ספק חומרי גלם ב',20,-38025.00
22/01/2026,100278,6300,הנהלה וכלליות,הוצאות הנהלה וכלליות,30,16900.00
22/01/2026,100278,2210,"מע""מ תשומות","מע""מ תשומות 17%",90,2873.00
22/01/2026,100278,1100,"בנק לאומי עו""ש",תשלום הוצאות משרד,30,-19773.00
23/01/2026,100279,1200,לקוחות,חשבונית מכירה - דלתא תעשיות,10,38025.00
23/01/2026,100279,4100,הכנסות ממכירות,הכנסות ממכירות,10,-32500.00
23/01/2026,100279,2200,"מע""מ עסקאות","מע""מ עסקאות 17%",90,-5525.00
25/01/2026,100280,5100,עלות המכר,עלות המכר - הוצאת מלאי,20,24500.00
25/01/2026,100280,1300,מלאי,הוצאת מלאי למכירה,20,-24500.00
26/01/2026,100281,2100,ספקים,תשלום לספק - ספק חומרי גלם ב',20,34000.00
26/01/2026,100281,1100,"בנק לאומי עו""ש",העברה בנקאית לספק,20,-34000.00
28/01/2026,100282,1100,"בנק לאומי עו""ש",גבייה מלקוח - גמא ייעוץ,10,62800.00
28/01/2026,100282,1200,לקוחות,גבייה על חשבון חוב לקוח,10,-62800.00
28/01/2026,100283,6100,שכר ונלוות,שכר ונלוות לחודש 1/2026,30,62800.00
28/01/2026,100283,2300,זכאים בגין שכר,ניכויי חובה ומוסדות,30,-15100.00
28/01/2026,100283,1100,"בנק לאומי עו""ש",תשלום שכר נטו,30,-47700.00
31/01/2026,100284,6400,פחת והפחתות,פחת חודשי - רכוש קבוע,90,5200.00
31/01/2026,100284,1450,פחת נצבר,צבירת פחת נצבר,90,-5200.00
03/02/2026,100285,1200,לקוחות,חשבונית מכירה - בטא מערכות,10,46215.00
03/02/2026,100285,4100,הכנסות ממכירות,הכנסות ממכירות,10,-39500.00
03/02/2026,100285,2200,"מע""מ עסקאות","מע""מ עסקאות 17%",90,-6715.00
05/02/2026,100286,5100,עלות המכר,עלות המכר - הוצאת מלאי,20,17000.00
05/02/2026,100286,1300,מלאי,הוצאת מלאי למכירה,20,-17000.00
05/02/2026,100287,2500,הלוואה לזמן ארוך,החזר קרן הלוואה,90,4000.00
05/02/2026,100287,7100,הוצאות מימון,ריבית על הלוואה,90,860.00
05/02/2026,100287,1100,"בנק לאומי עו""ש",תשלום החזר הלוואה חודשי,90,-4860.00
06/02/2026,100288,1300,מלאי,רכישת מלאי - ספק חומרי גלם א',20,35500.00
06/02/2026,100288,2210,"מע""מ תשומות","מע""מ תשומות 17%",90,6035.00
06/02/2026,100288,2100,ספקים,חוב לספק - ספק חומרי גלם א',20,-41535.00
08/02/2026,100289,1100,"בנק לאומי עו""ש",גבייה מלקוח - בטא מערכות,10,57800.00
08/02/2026,100289,1200,לקוחות,גבייה על חשבון חוב לקוח,10,-57800.00
09/02/2026,100290,1200,לקוחות,חשבונית מכירה - גמא ייעוץ,10,56745.00
09/02/2026,100290,4100,הכנסות ממכירות,הכנסות ממכירות,10,-48500.00
09/02/2026,100290,2200,"מע""מ עסקאות","מע""מ עסקאות 17%",90,-8245.00
10/02/2026,100291,6200,שיווק ופרסום,קמפיין שיווק ופרסום,40,15400.00
10/02/2026,100291,2210,"מע""מ תשומות","מע""מ תשומות 17%",90,2618.00
10/02/2026,100291,1100,"בנק לאומי עו""ש",תשלום ספק שיווק,40,-18018.00
12/02/2026,100292,2100,ספקים,תשלום לספק - ספק חומרי גלם א',20,32400.00
12/02/2026,100292,1100,"בנק לאומי עו""ש",העברה בנקאית לספק,20,-32400.00
15/02/2026,100293,5100,עלות המכר,עלות המכר - הוצאת מלאי,20,16500.00
15/02/2026,100293,1300,מלאי,הוצאת מלאי למכירה,20,-16500.00
15/02/2026,100294,2300,זכאים בגין שכר,תשלום מוסדות בגין שכר,30,14600.00
15/02/2026,100294,1100,"בנק לאומי עו""ש",העברה למוסדות,30,-14600.00
15/02/2026,100295,2200,"מע""מ עסקאות","קיזוז מע""מ עסקאות - דיווח תקופתי",90,27370.00
15/02/2026,100295,2210,"מע""מ תשומות","קיזוז מע""מ תשומות - דיווח תקופתי",90,-15572.00
15/02/2026,100295,1100,"בנק לאומי עו""ש","תשלום מע""מ לרשות המסים",90,-11798.00
16/02/2026,100296,1200,לקוחות,חשבונית מכירה - דלתא תעשיות,10,40365.00
16/02/2026,100296,4100,הכנסות ממכירות,הכנסות ממכירות,10,-34500.00
16/02/2026,100296,2200,"מע""מ עסקאות","מע""מ עסקאות 17%",90,-5865.00
18/02/2026,100297,1100,"בנק לאומי עו""ש",גבייה מלקוח - גמא ייעוץ,10,57800.00
18/02/2026,100297,1200,לקוחות,גבייה על חשבון חוב לקוח,10,-57800.00
20/02/2026,100298,1300,מלאי,רכישת מלאי - ספק חומרי גלם ב',20,23500.00
20/02/2026,100298,2210,"מע""מ תשומות","מע""מ תשומות 17%",90,3995.00
20/02/2026,100298,2100,ספקים,חוב לספק - ספק חומרי גלם ב',20,-27495.00
23/02/2026,100299,1200,לקוחות,"חשבונית מכירה - אפסילון בע""מ",10,39195.00
23/02/2026,100299,4100,הכנסות ממכירות,הכנסות ממכירות,10,-33500.00
23/02/2026,100299,2200,"מע""מ עסקאות","מע""מ עסקאות 17%",90,-5695.00
24/02/2026,100300,1100,"בנק לאומי עו""ש",הכנסות אחרות - השכרת משנה,90,9000.00
24/02/2026,100300,4200,הכנסות אחרות,הכנסות אחרות,90,-9000.00
25/02/2026,100301,5100,עלות המכר,עלות המכר - הוצאת מלאי,20,18500.00
25/02/2026,100301,1300,מלאי,הוצאת מלאי למכירה,20,-18500.00
26/02/2026,100302,2100,ספקים,תשלום לספק - ספק חומרי גלם ב',20,32400.00
26/02/2026,100302,1100,"בנק לאומי עו""ש",העברה בנקאית לספק,20,-32400.00
28/02/2026,100303,1100,"בנק לאומי עו""ש",גבייה מלקוח - דלתא תעשיות,10,57800.00
28/02/2026,100303,1200,לקוחות,גבייה על חשבון חוב לקוח,10,-57800.00
28/02/2026,100304,6100,שכר ונלוות,שכר ונלוות לחודש 2/2026,30,60800.00
28/02/2026,100304,2300,זכאים בגין שכר,ניכויי חובה ומוסדות,30,-14600.00
28/02/2026,100304,1100,"בנק לאומי עו""ש",תשלום שכר נטו,30,-46200.00
28/02/2026,100305,6400,פחת והפחתות,פחת חודשי - רכוש קבוע,90,5200.00
28/02/2026,100305,1450,פחת נצבר,צבירת פחת נצבר,90,-5200.00
03/03/2026,100306,1200,לקוחות,חשבונית מכירה - גמא ייעוץ,10,60255.00
03/03/2026,100306,4100,הכנסות ממכירות,הכנסות ממכירות,10,-51500.00
03/03/2026,100306,2200,"מע""מ עסקאות","מע""מ עסקאות 17%",90,-8755.00
05/03/2026,100307,5100,עלות המכר,עלות המכר - הוצאת מלאי,20,21000.00
05/03/2026,100307,1300,מלאי,הוצאת מלאי למכירה,20,-21000.00
05/03/2026,100308,2500,הלוואה לזמן ארוך,החזר קרן הלוואה,90,4000.00
05/03/2026,100308,7100,הוצאות מימון,ריבית על הלוואה,90,1100.00
05/03/2026,100308,1100,"בנק לאומי עו""ש",תשלום החזר הלוואה חודשי,90,-5100.00
06/03/2026,100309,1300,מלאי,רכישת מלאי - ספק חומרי גלם א',20,25500.00
06/03/2026,100309,2210,"מע""מ תשומות","מע""מ תשומות 17%",90,4335.00
06/03/2026,100309,2100,ספקים,חוב לספק - ספק חומרי גלם א',20,-29835.00
08/03/2026,100310,1100,"בנק לאומי עו""ש",גבייה מלקוח - גמא ייעוץ,10,56000.00
08/03/2026,100310,1200,לקוחות,גבייה על חשבון חוב לקוח,10,-56000.00
09/03/2026,100311,1200,לקוחות,חשבונית מכירה - דלתא תעשיות,10,64350.00
09/03/2026,100311,4100,הכנסות ממכירות,הכנסות ממכירות,10,-55000.00
09/03/2026,100311,2200,"מע""מ עסקאות","מע""מ עסקאות 17%",90,-9350.00
10/03/2026,100312,6200,שיווק ופרסום,קמפיין שיווק ופרסום,40,8800.00
10/03/2026,100312,2210,"מע""מ תשומות","מע""מ תשומות 17%",90,1496.00
10/03/2026,100312,1100,"בנק לאומי עו""ש",תשלום ספק שיווק,40,-10296.00
11/03/2026,100313,1400,רכוש קבוע - עלות,רכישת רכוש קבוע - ציוד,20,54000.00
11/03/2026,100313,2210,"מע""מ תשומות","מע""מ תשומות 17%",90,9180.00
11/03/2026,100313,2100,ספקים,חוב לספק ציוד,20,-63180.00
12/03/2026,100314,2100,ספקים,תשלום לספק - ספק חומרי גלם א',20,31100.00
12/03/2026,100314,1100,"בנק לאומי עו""ש",העברה בנקאית לספק,20,-31100.00
15/03/2026,100315,5100,עלות המכר,עלות המכר - הוצאת מלאי,20,17500.00
15/03/2026,100315,1300,מלאי,הוצאת מלאי למכירה,20,-17500.00
15/03/2026,100316,2300,זכאים בגין שכר,תשלום מוסדות בגין שכר,30,14500.00
15/03/2026,100316,1100,"בנק לאומי עו""ש",העברה למוסדות,30,-14500.00
15/03/2026,100317,2200,"מע""מ עסקאות","קיזוז מע""מ עסקאות - דיווח תקופתי",90,26520.00
15/03/2026,100317,2210,"מע""מ תשומות","קיזוז מע""מ תשומות - דיווח תקופתי",90,-12648.00
15/03/2026,100317,1100,"בנק לאומי עו""ש","תשלום מע""מ לרשות המסים",90,-13872.00
16/03/2026,100318,1200,לקוחות,"חשבונית מכירה - אפסילון בע""מ",10,39195.00
16/03/2026,100318,4100,הכנסות ממכירות,הכנסות ממכירות,10,-33500.00
16/03/2026,100318,2200,"מע""מ עסקאות","מע""מ עסקאות 17%",90,-5695.00
18/03/2026,100319,1100,"בנק לאומי עו""ש",גבייה מלקוח - דלתא תעשיות,10,56000.00
18/03/2026,100319,1200,לקוחות,גבייה על חשבון חוב לקוח,10,-56000.00
19/03/2026,100320,6330,הוצאות משפטיות,שכר טרחה משפטי,30,4100.00
19/03/2026,100320,2210,"מע""מ תשומות","מע""מ תשומות 17%",90,697.00
19/03/2026,100320,1100,"בנק לאומי עו""ש",תשלום לעורך דין,30,-4797.00
20/03/2026,100321,1300,מלאי,רכישת מלאי - ספק חומרי גלם ב',20,34000.00
20/03/2026,100321,2210,"מע""מ תשומות","מע""מ תשומות 17%",90,5780.00
20/03/2026,100321,2100,ספקים,חוב לספק - ספק חומרי גלם ב',20,-39780.00
22/03/2026,100322,6300,הנהלה וכלליות,הוצאות הנהלה וכלליות,30,11800.00
22/03/2026,100322,2210,"מע""מ תשומות","מע""מ תשומות 17%",90,2006.00
22/03/2026,100322,1100,"בנק לאומי עו""ש",תשלום הוצאות משרד,30,-13806.00
23/03/2026,100323,1200,לקוחות,חשבונית מכירה - זטא סחר,10,36855.00
23/03/2026,100323,4100,הכנסות ממכירות,הכנסות ממכירות,10,-31500.00
23/03/2026,100323,2200,"מע""מ עסקאות","מע""מ עסקאות 17%",90,-5355.00
25/03/2026,100324,5100,עלות המכר,עלות המכר - הוצאת מלאי,20,21000.00
25/03/2026,100324,1300,מלאי,הוצאת מלאי למכירה,20,-21000.00
26/03/2026,100325,2100,ספקים,תשלום לספק - ספק חומרי גלם ב',20,31100.00
26/03/2026,100325,1100,"בנק לאומי עו""ש",העברה בנקאית לספק,20,-31100.00
28/03/2026,100326,1100,"בנק לאומי עו""ש","גבייה מלקוח - אפסילון בע""מ",10,56000.00
28/03/2026,100326,1200,לקוחות,גבייה על חשבון חוב לקוח,10,-56000.00
28/03/2026,100327,6100,שכר ונלוות,שכר ונלוות לחודש 3/2026,30,60600.00
28/03/2026,100327,2300,זכאים בגין שכר,ניכויי חובה ומוסדות,30,-14500.00
28/03/2026,100327,1100,"בנק לאומי עו""ש",תשלום שכר נטו,30,-46100.00
31/03/2026,100328,6400,פחת והפחתות,פחת חודשי - רכוש קבוע,90,5200.00
31/03/2026,100328,1450,פחת נצבר,צבירת פחת נצבר,90,-5200.00
03/04/2026,100329,1200,לקוחות,חשבונית מכירה - דלתא תעשיות,10,42120.00
03/04/2026,100329,4100,הכנסות ממכירות,הכנסות ממכירות,10,-36000.00
03/04/2026,100329,2200,"מע""מ עסקאות","מע""מ עסקאות 17%",90,-6120.00
05/04/2026,100330,5100,עלות המכר,עלות המכר - הוצאת מלאי,20,19000.00
05/04/2026,100330,1300,מלאי,הוצאת מלאי למכירה,20,-19000.00
05/04/2026,100331,2500,הלוואה לזמן ארוך,החזר קרן הלוואה,90,4000.00
05/04/2026,100331,7100,הוצאות מימון,ריבית על הלוואה,90,770.00
05/04/2026,100331,1100,"בנק לאומי עו""ש",תשלום החזר הלוואה חודשי,90,-4770.00
06/04/2026,100332,1300,מלאי,רכישת מלאי - ספק חומרי גלם א',20,23500.00
06/04/2026,100332,2210,"מע""מ תשומות","מע""מ תשומות 17%",90,3995.00
06/04/2026,100332,2100,ספקים,חוב לספק - ספק חומרי גלם א',20,-27495.00
08/04/2026,100333,1100,"בנק לאומי עו""ש",גבייה מלקוח - דלתא תעשיות,10,61500.00
08/04/2026,100333,1200,לקוחות,גבייה על חשבון חוב לקוח,10,-61500.00
09/04/2026,100334,1200,לקוחות,"חשבונית מכירה - אפסילון בע""מ",10,46800.00
09/04/2026,100334,4100,הכנסות ממכירות,הכנסות ממכירות,10,-40000.00
09/04/2026,100334,2200,"מע""מ עסקאות","מע""מ עסקאות 17%",90,-6800.00
10/04/2026,100335,6200,שיווק ופרסום,קמפיין שיווק ופרסום,40,14700.00
10/04/2026,100335,2210,"מע""מ תשומות","מע""מ תשומות 17%",90,2499.00
10/04/2026,100335,1100,"בנק לאומי עו""ש",תשלום ספק שיווק,40,-17199.00
12/04/2026,100336,2100,ספקים,תשלום לספק - ספק חומרי גלם א',20,31300.00
12/04/2026,100336,1100,"בנק לאומי עו""ש",העברה בנקאית לספק,20,-31300.00
15/04/2026,100337,5100,עלות המכר,עלות המכר - הוצאת מלאי,20,22500.00
15/04/2026,100337,1300,מלאי,הוצאת מלאי למכירה,20,-22500.00
15/04/2026,100338,2300,זכאים בגין שכר,תשלום מוסדות בגין שכר,30,13900.00
15/04/2026,100338,1100,"בנק לאומי עו""ש",העברה למוסדות,30,-13900.00
15/04/2026,100339,2200,"מע""מ עסקאות","קיזוז מע""מ עסקאות - דיווח תקופתי",90,29155.00
15/04/2026,100339,2210,"מע""מ תשומות","קיזוז מע""מ תשומות - דיווח תקופתי",90,-23494.00
15/04/2026,100339,1100,"בנק לאומי עו""ש","תשלום מע""מ לרשות המסים",90,-5661.00
16/04/2026,100340,1200,לקוחות,חשבונית מכירה - זטא סחר,10,51480.00
16/04/2026,100340,4100,הכנסות ממכירות,הכנסות ממכירות,10,-44000.00
16/04/2026,100340,2200,"מע""מ עסקאות","מע""מ עסקאות 17%",90,-7480.00
18/04/2026,100341,1100,"בנק לאומי עו""ש","גבייה מלקוח - אפסילון בע""מ",10,61500.00
18/04/2026,100341,1200,לקוחות,גבייה על חשבון חוב לקוח,10,-61500.00
20/04/2026,100342,1300,מלאי,רכישת מלאי - ספק חומרי גלם ב',20,23000.00
20/04/2026,100342,2210,"מע""מ תשומות","מע""מ תשומות 17%",90,3910.00
20/04/2026,100342,2100,ספקים,חוב לספק - ספק חומרי גלם ב',20,-26910.00
23/04/2026,100343,1200,לקוחות,חשבונית מכירה - אלפא טכנולוגיות,10,58500.00
23/04/2026,100343,4100,הכנסות ממכירות,הכנסות ממכירות,10,-50000.00
23/04/2026,100343,2200,"מע""מ עסקאות","מע""מ עסקאות 17%",90,-8500.00
24/04/2026,100344,1100,"בנק לאומי עו""ש",הכנסות אחרות - השכרת משנה,90,4900.00
24/04/2026,100344,4200,הכנסות אחרות,הכנסות אחרות,90,-4900.00
25/04/2026,100345,5100,עלות המכר,עלות המכר - הוצאת מלאי,20,22500.00
25/04/2026,100345,1300,מלאי,הוצאת מלאי למכירה,20,-22500.00
26/04/2026,100346,2100,ספקים,תשלום לספק - ספק חומרי גלם ב',20,31300.00
26/04/2026,100346,1100,"בנק לאומי עו""ש",העברה בנקאית לספק,20,-31300.00
27/04/2026,100347,2400,"חו""ז בעלים",משיכת בעלים,90,13500.00
27/04/2026,100347,1100,"בנק לאומי עו""ש","משיכה מהבנק לחו""ז בעלים",90,-13500.00
28/04/2026,100348,1100,"בנק לאומי עו""ש",גבייה מלקוח - זטא סחר,10,61500.00
28/04/2026,100348,1200,לקוחות,גבייה על חשבון חוב לקוח,10,-61500.00
28/04/2026,100349,6100,שכר ונלוות,שכר ונלוות לחודש 4/2026,30,57800.00
28/04/2026,100349,2300,זכאים בגין שכר,ניכויי חובה ומוסדות,30,-13900.00
28/04/2026,100349,1100,"בנק לאומי עו""ש",תשלום שכר נטו,30,-43900.00
30/04/2026,100350,6400,פחת והפחתות,פחת חודשי - רכוש קבוע,90,5200.00
30/04/2026,100350,1450,פחת נצבר,צבירת פחת נצבר,90,-5200.00
03/05/2026,100351,1200,לקוחות,"חשבונית מכירה - אפסילון בע""מ",10,50895.00
03/05/2026,100351,4100,הכנסות ממכירות,הכנסות ממכירות,10,-43500.00
03/05/2026,100351,2200,"מע""מ עסקאות","מע""מ עסקאות 17%",90,-7395.00
05/05/2026,100352,5100,עלות המכר,עלות המכר - הוצאת מלאי,20,16500.00
05/05/2026,100352,1300,מלאי,הוצאת מלאי למכירה,20,-16500.00
05/05/2026,100353,2500,הלוואה לזמן ארוך,החזר קרן הלוואה,90,4000.00
05/05/2026,100353,7100,הוצאות מימון,ריבית על הלוואה,90,1040.00
05/05/2026,100353,1100,"בנק לאומי עו""ש",תשלום החזר הלוואה חודשי,90,-5040.00
06/05/2026,100354,1300,מלאי,רכישת מלאי - ספק חומרי גלם א',20,27500.00
06/05/2026,100354,2210,"מע""מ תשומות","מע""מ תשומות 17%",90,4675.00
06/05/2026,100354,2100,ספקים,חוב לספק - ספק חומרי גלם א',20,-32175.00
08/05/2026,100355,1100,"בנק לאומי עו""ש","גבייה מלקוח - אפסילון בע""מ",10,61000.00
08/05/2026,100355,1200,לקוחות,גבייה על חשבון חוב לקוח,10,-61000.00
09/05/2026,100356,1200,לקוחות,חשבונית מכירה - זטא סחר,10,57330.00
09/05/2026,100356,4100,הכנסות ממכירות,הכנסות ממכירות,10,-49000.00
09/05/2026,100356,2200,"מע""מ עסקאות","מע""מ עסקאות 17%",90,-8330.00
10/05/2026,100357,6200,שיווק ופרסום,קמפיין שיווק ופרסום,40,8400.00
10/05/2026,100357,2210,"מע""מ תשומות","מע""מ תשומות 17%",90,1428.00
10/05/2026,100357,1100,"בנק לאומי עו""ש",תשלום ספק שיווק,40,-9828.00
12/05/2026,100358,2100,ספקים,תשלום לספק - ספק חומרי גלם א',20,24500.00
12/05/2026,100358,1100,"בנק לאומי עו""ש",העברה בנקאית לספק,20,-24500.00
15/05/2026,100359,5100,עלות המכר,עלות המכר - הוצאת מלאי,20,15000.00
15/05/2026,100359,1300,מלאי,הוצאת מלאי למכירה,20,-15000.00
15/05/2026,100360,2300,זכאים בגין שכר,תשלום מוסדות בגין שכר,30,15000.00
15/05/2026,100360,1100,"בנק לאומי עו""ש",העברה למוסדות,30,-15000.00
15/05/2026,100361,2200,"מע""מ עסקאות","קיזוז מע""מ עסקאות - דיווח תקופתי",90,28900.00
15/05/2026,100361,2210,"מע""מ תשומות","קיזוז מע""מ תשומות - דיווח תקופתי",90,-10404.00
15/05/2026,100361,1100,"בנק לאומי עו""ש","תשלום מע""מ לרשות המסים",90,-18496.00
16/05/2026,100362,1200,לקוחות,חשבונית מכירה - אלפא טכנולוגיות,10,43290.00
16/05/2026,100362,4100,הכנסות ממכירות,הכנסות ממכירות,10,-37000.00
16/05/2026,100362,2200,"מע""מ עסקאות","מע""מ עסקאות 17%",90,-6290.00
18/05/2026,100363,1100,"בנק לאומי עו""ש",גבייה מלקוח - זטא סחר,10,61000.00
18/05/2026,100363,1200,לקוחות,גבייה על חשבון חוב לקוח,10,-61000.00
20/05/2026,100364,1300,מלאי,רכישת מלאי - ספק חומרי גלם ב',20,34000.00
20/05/2026,100364,2210,"מע""מ תשומות","מע""מ תשומות 17%",90,5780.00
20/05/2026,100364,2100,ספקים,חוב לספק - ספק חומרי גלם ב',20,-39780.00
22/05/2026,100365,6300,הנהלה וכלליות,הוצאות הנהלה וכלליות,30,14800.00
22/05/2026,100365,2210,"מע""מ תשומות","מע""מ תשומות 17%",90,2516.00
22/05/2026,100365,1100,"בנק לאומי עו""ש",תשלום הוצאות משרד,30,-17316.00
23/05/2026,100366,1200,לקוחות,חשבונית מכירה - בטא מערכות,10,57915.00
23/05/2026,100366,4100,הכנסות ממכירות,הכנסות ממכירות,10,-49500.00
23/05/2026,100366,2200,"מע""מ עסקאות","מע""מ עסקאות 17%",90,-8415.00
25/05/2026,100367,5100,עלות המכר,עלות המכר - הוצאת מלאי,20,24000.00
25/05/2026,100367,1300,מלאי,הוצאת מלאי למכירה,20,-24000.00
26/05/2026,100368,2100,ספקים,תשלום לספק - ספק חומרי גלם ב',20,24500.00
26/05/2026,100368,1100,"בנק לאומי עו""ש",העברה בנקאית לספק,20,-24500.00
28/05/2026,100369,1100,"בנק לאומי עו""ש",גבייה מלקוח - אלפא טכנולוגיות,10,61000.00
28/05/2026,100369,1200,לקוחות,גבייה על חשבון חוב לקוח,10,-61000.00
28/05/2026,100370,6100,שכר ונלוות,שכר ונלוות לחודש 5/2026,30,62600.00
28/05/2026,100370,2300,זכאים בגין שכר,ניכויי חובה ומוסדות,30,-15000.00
28/05/2026,100370,1100,"בנק לאומי עו""ש",תשלום שכר נטו,30,-47600.00
31/05/2026,100371,6400,פחת והפחתות,פחת חודשי - רכוש קבוע,90,5200.00
31/05/2026,100371,1450,פחת נצבר,צבירת פחת נצבר,90,-5200.00
03/06/2026,100372,1200,לקוחות,חשבונית מכירה - זטא סחר,10,49140.00
03/06/2026,100372,4100,הכנסות ממכירות,הכנסות ממכירות,10,-42000.00
03/06/2026,100372,2200,"מע""מ עסקאות","מע""מ עסקאות 17%",90,-7140.00
05/06/2026,100373,5100,עלות המכר,עלות המכר - הוצאת מלאי,20,16500.00
05/06/2026,100373,1300,מלאי,הוצאת מלאי למכירה,20,-16500.00
05/06/2026,100374,2500,הלוואה לזמן ארוך,החזר קרן הלוואה,90,4000.00
05/06/2026,100374,7100,הוצאות מימון,ריבית על הלוואה,90,990.00
05/06/2026,100374,1100,"בנק לאומי עו""ש",תשלום החזר הלוואה חודשי,90,-4990.00
06/06/2026,100375,1300,מלאי,רכישת מלאי - ספק חומרי גלם א',20,38000.00
06/06/2026,100375,2210,"מע""מ תשומות","מע""מ תשומות 17%",90,6460.00
06/06/2026,100375,2100,ספקים,חוב לספק - ספק חומרי גלם א',20,-44460.00
08/06/2026,100376,1100,"בנק לאומי עו""ש",גבייה מלקוח - זטא סחר,10,64200.00
08/06/2026,100376,1200,לקוחות,גבייה על חשבון חוב לקוח,10,-64200.00
09/06/2026,100377,1200,לקוחות,חשבונית מכירה - אלפא טכנולוגיות,10,67275.00
09/06/2026,100377,4100,הכנסות ממכירות,הכנסות ממכירות,10,-57500.00
09/06/2026,100377,2200,"מע""מ עסקאות","מע""מ עסקאות 17%",90,-9775.00
10/06/2026,100378,6200,שיווק ופרסום,קמפיין שיווק ופרסום,40,12700.00
10/06/2026,100378,2210,"מע""מ תשומות","מע""מ תשומות 17%",90,2159.00
10/06/2026,100378,1100,"בנק לאומי עו""ש",תשלום ספק שיווק,40,-14859.00
12/06/2026,100379,2100,ספקים,תשלום לספק - ספק חומרי גלם א',20,32400.00
12/06/2026,100379,1100,"בנק לאומי עו""ש",העברה בנקאית לספק,20,-32400.00
15/06/2026,100380,5100,עלות המכר,עלות המכר - הוצאת מלאי,20,17500.00
15/06/2026,100380,1300,מלאי,הוצאת מלאי למכירה,20,-17500.00
15/06/2026,100381,2300,זכאים בגין שכר,תשלום מוסדות בגין שכר,30,15300.00
15/06/2026,100381,1100,"בנק לאומי עו""ש",העברה למוסדות,30,-15300.00
15/06/2026,100382,2200,"מע""מ עסקאות","קיזוז מע""מ עסקאות - דיווח תקופתי",90,30430.00
15/06/2026,100382,2210,"מע""מ תשומות","קיזוז מע""מ תשומות - דיווח תקופתי",90,-14399.00
15/06/2026,100382,1100,"בנק לאומי עו""ש","תשלום מע""מ לרשות המסים",90,-16031.00
16/06/2026,100383,1200,לקוחות,חשבונית מכירה - בטא מערכות,10,36270.00
16/06/2026,100383,4100,הכנסות ממכירות,הכנסות ממכירות,10,-31000.00
16/06/2026,100383,2200,"מע""מ עסקאות","מע""מ עסקאות 17%",90,-5270.00
18/06/2026,100384,1100,"בנק לאומי עו""ש",גבייה מלקוח - אלפא טכנולוגיות,10,64200.00
18/06/2026,100384,1200,לקוחות,גבייה על חשבון חוב לקוח,10,-64200.00
19/06/2026,100385,6330,הוצאות משפטיות,שכר טרחה משפטי,30,6100.00
19/06/2026,100385,2210,"מע""מ תשומות","מע""מ תשומות 17%",90,1037.00
19/06/2026,100385,1100,"בנק לאומי עו""ש",תשלום לעורך דין,30,-7137.00
20/06/2026,100386,1300,מלאי,רכישת מלאי - ספק חומרי גלם ב',20,39000.00
20/06/2026,100386,2210,"מע""מ תשומות","מע""מ תשומות 17%",90,6630.00
20/06/2026,100386,2100,ספקים,חוב לספק - ספק חומרי גלם ב',20,-45630.00
23/06/2026,100387,1200,לקוחות,חשבונית מכירה - גמא ייעוץ,10,59670.00
23/06/2026,100387,4100,הכנסות ממכירות,הכנסות ממכירות,10,-51000.00
23/06/2026,100387,2200,"מע""מ עסקאות","מע""מ עסקאות 17%",90,-8670.00
24/06/2026,100388,1100,"בנק לאומי עו""ש",הכנסות אחרות - השכרת משנה,90,5500.00
24/06/2026,100388,4200,הכנסות אחרות,הכנסות אחרות,90,-5500.00
25/06/2026,100389,5100,עלות המכר,עלות המכר - הוצאת מלאי,20,16500.00
25/06/2026,100389,1300,מלאי,הוצאת מלאי למכירה,20,-16500.00
26/06/2026,100390,2100,ספקים,תשלום לספק - ספק חומרי גלם ב',20,32400.00
26/06/2026,100390,1100,"בנק לאומי עו""ש",העברה בנקאית לספק,20,-32400.00
28/06/2026,100391,1100,"בנק לאומי עו""ש",גבייה מלקוח - בטא מערכות,10,64200.00
28/06/2026,100391,1200,לקוחות,גבייה על חשבון חוב לקוח,10,-64200.00
28/06/2026,100392,6100,שכר ונלוות,שכר ונלוות לחודש 6/2026,30,63700.00
28/06/2026,100392,2300,זכאים בגין שכר,ניכויי חובה ומוסדות,30,-15300.00
28/06/2026,100392,1100,"בנק לאומי עו""ש",תשלום שכר נטו,30,-48400.00
30/06/2026,100393,6400,פחת והפחתות,פחת חודשי - רכוש קבוע,90,5200.00
30/06/2026,100393,1450,פחת נצבר,צבירת פחת נצבר,90,-5200.00
03/07/2026,100394,1200,לקוחות,חשבונית מכירה - אלפא טכנולוגיות,10,50895.00
03/07/2026,100394,4100,הכנסות ממכירות,הכנסות ממכירות,10,-43500.00
03/07/2026,100394,2200,"מע""מ עסקאות","מע""מ עסקאות 17%",90,-7395.00
05/07/2026,100395,5100,עלות המכר,עלות המכר - הוצאת מלאי,20,14000.00
05/07/2026,100395,1300,מלאי,הוצאת מלאי למכירה,20,-14000.00
05/07/2026,100396,2500,הלוואה לזמן ארוך,החזר קרן הלוואה,90,4000.00
05/07/2026,100396,7100,הוצאות מימון,ריבית על הלוואה,90,950.00
05/07/2026,100396,1100,"בנק לאומי עו""ש",תשלום החזר הלוואה חודשי,90,-4950.00
06/07/2026,100397,1300,מלאי,רכישת מלאי - ספק חומרי גלם א',20,28000.00
06/07/2026,100397,2210,"מע""מ תשומות","מע""מ תשומות 17%",90,4760.00
06/07/2026,100397,2100,ספקים,חוב לספק - ספק חומרי גלם א',20,-32760.00
08/07/2026,100398,1100,"בנק לאומי עו""ש",גבייה מלקוח - אלפא טכנולוגיות,10,65100.00
08/07/2026,100398,1200,לקוחות,גבייה על חשבון חוב לקוח,10,-65100.00
09/07/2026,100399,1200,לקוחות,חשבונית מכירה - בטא מערכות,10,65520.00
09/07/2026,100399,4100,הכנסות ממכירות,הכנסות ממכירות,10,-56000.00
09/07/2026,100399,2200,"מע""מ עסקאות","מע""מ עסקאות 17%",90,-9520.00
10/07/2026,100400,6200,שיווק ופרסום,קמפיין שיווק ופרסום,40,12400.00
10/07/2026,100400,2210,"מע""מ תשומות","מע""מ תשומות 17%",90,2108.00
10/07/2026,100400,1100,"בנק לאומי עו""ש",תשלום ספק שיווק,40,-14508.00
12/07/2026,100401,2100,ספקים,תשלום לספק - ספק חומרי גלם א',20,40500.00
12/07/2026,100401,1100,"בנק לאומי עו""ש",העברה בנקאית לספק,20,-40500.00
15/07/2026,100402,5100,עלות המכר,עלות המכר - הוצאת מלאי,20,24500.00
15/07/2026,100402,1300,מלאי,הוצאת מלאי למכירה,20,-24500.00
15/07/2026,100403,2300,זכאים בגין שכר,תשלום מוסדות בגין שכר,30,14600.00
15/07/2026,100403,1100,"בנק לאומי עו""ש",העברה למוסדות,30,-14600.00
15/07/2026,100404,2200,"מע""מ עסקאות","קיזוז מע""מ עסקאות - דיווח תקופתי",90,30855.00
15/07/2026,100404,2210,"מע""מ תשומות","קיזוז מע""מ תשומות - דיווח תקופתי",90,-16286.00
15/07/2026,100404,1100,"בנק לאומי עו""ש","תשלום מע""מ לרשות המסים",90,-14569.00
16/07/2026,100405,1200,לקוחות,חשבונית מכירה - גמא ייעוץ,10,38610.00
16/07/2026,100405,4100,הכנסות ממכירות,הכנסות ממכירות,10,-33000.00
16/07/2026,100405,2200,"מע""מ עסקאות","מע""מ עסקאות 17%",90,-5610.00
18/07/2026,100406,1100,"בנק לאומי עו""ש",גבייה מלקוח - בטא מערכות,10,65100.00
18/07/2026,100406,1200,לקוחות,גבייה על חשבון חוב לקוח,10,-65100.00
20/07/2026,100407,1300,מלאי,רכישת מלאי - ספק חומרי גלם ב',20,37000.00
20/07/2026,100407,2210,"מע""מ תשומות","מע""מ תשומות 17%",90,6290.00
20/07/2026,100407,2100,ספקים,חוב לספק - ספק חומרי גלם ב',20,-43290.00
22/07/2026,100408,6300,הנהלה וכלליות,הוצאות הנהלה וכלליות,30,11900.00
22/07/2026,100408,2210,"מע""מ תשומות","מע""מ תשומות 17%",90,2023.00
22/07/2026,100408,1100,"בנק לאומי עו""ש",תשלום הוצאות משרד,30,-13923.00
23/07/2026,100409,1200,לקוחות,חשבונית מכירה - דלתא תעשיות,10,47970.00
23/07/2026,100409,4100,הכנסות ממכירות,הכנסות ממכירות,10,-41000.00
23/07/2026,100409,2200,"מע""מ עסקאות","מע""מ עסקאות 17%",90,-6970.00
25/07/2026,100410,5100,עלות המכר,עלות המכר - הוצאת מלאי,20,17000.00
25/07/2026,100410,1300,מלאי,הוצאת מלאי למכירה,20,-17000.00
26/07/2026,100411,2100,ספקים,תשלום לספק - ספק חומרי גלם ב',20,40500.00
26/07/2026,100411,1100,"בנק לאומי עו""ש",העברה בנקאית לספק,20,-40500.00
28/07/2026,100412,1100,"בנק לאומי עו""ש",גבייה מלקוח - גמא ייעוץ,10,65100.00
28/07/2026,100412,1200,לקוחות,גבייה על חשבון חוב לקוח,10,-65100.00
28/07/2026,100413,6100,שכר ונלוות,שכר ונלוות לחודש 7/2026,30,60900.00
28/07/2026,100413,2300,זכאים בגין שכר,ניכויי חובה ומוסדות,30,-14600.00
28/07/2026,100413,1100,"בנק לאומי עו""ש",תשלום שכר נטו,30,-46300.00
31/07/2026,100414,6400,פחת והפחתות,פחת חודשי - רכוש קבוע,90,5200.00
31/07/2026,100414,1450,פחת נצבר,צבירת פחת נצבר,90,-5200.00
03/08/2026,100415,1200,לקוחות,חשבונית מכירה - בטא מערכות,10,56160.00
03/08/2026,100415,4100,הכנסות ממכירות,הכנסות ממכירות,10,-48000.00
03/08/2026,100415,2200,"מע""מ עסקאות","מע""מ עסקאות 17%",90,-8160.00
05/08/2026,100416,5100,עלות המכר,עלות המכר - הוצאת מלאי,20,20500.00
05/08/2026,100416,1300,מלאי,הוצאת מלאי למכירה,20,-20500.00
05/08/2026,100417,2500,הלוואה לזמן ארוך,החזר קרן הלוואה,90,4000.00
05/08/2026,100417,7100,הוצאות מימון,ריבית על הלוואה,90,1070.00
05/08/2026,100417,1100,"בנק לאומי עו""ש",תשלום החזר הלוואה חודשי,90,-5070.00
06/08/2026,100418,1300,מלאי,רכישת מלאי - ספק חומרי גלם א',20,31500.00
06/08/2026,100418,2210,"מע""מ תשומות","מע""מ תשומות 17%",90,5355.00
06/08/2026,100418,2100,ספקים,חוב לספק - ספק חומרי גלם א',20,-36855.00
08/08/2026,100419,1100,"בנק לאומי עו""ש",גבייה מלקוח - בטא מערכות,10,62300.00
08/08/2026,100419,1200,לקוחות,גבייה על חשבון חוב לקוח,10,-62300.00
09/08/2026,100420,1200,לקוחות,חשבונית מכירה - גמא ייעוץ,10,61425.00
09/08/2026,100420,4100,הכנסות ממכירות,הכנסות ממכירות,10,-52500.00
09/08/2026,100420,2200,"מע""מ עסקאות","מע""מ עסקאות 17%",90,-8925.00
10/08/2026,100421,6200,שיווק ופרסום,קמפיין שיווק ופרסום,40,9700.00
10/08/2026,100421,2210,"מע""מ תשומות","מע""מ תשומות 17%",90,1649.00
10/08/2026,100421,1100,"בנק לאומי עו""ש",תשלום ספק שיווק,40,-11349.00
12/08/2026,100422,2100,ספקים,תשלום לספק - ספק חומרי גלם א',20,34200.00
12/08/2026,100422,1100,"בנק לאומי עו""ש",העברה בנקאית לספק,20,-34200.00
15/08/2026,100423,5100,עלות המכר,עלות המכר - הוצאת מלאי,20,13000.00
15/08/2026,100423,1300,מלאי,הוצאת מלאי למכירה,20,-13000.00
15/08/2026,100424,2300,זכאים בגין שכר,תשלום מוסדות בגין שכר,30,14100.00
15/08/2026,100424,1100,"בנק לאומי עו""ש",העברה למוסדות,30,-14100.00
15/08/2026,100425,2200,"מע""מ עסקאות","קיזוז מע""מ עסקאות - דיווח תקופתי",90,29495.00
15/08/2026,100425,2210,"מע""מ תשומות","קיזוז מע""מ תשומות - דיווח תקופתי",90,-15181.00
15/08/2026,100425,1100,"בנק לאומי עו""ש","תשלום מע""מ לרשות המסים",90,-14314.00
16/08/2026,100426,1200,לקוחות,חשבונית מכירה - דלתא תעשיות,10,52065.00
16/08/2026,100426,4100,הכנסות ממכירות,הכנסות ממכירות,10,-44500.00
16/08/2026,100426,2200,"מע""מ עסקאות","מע""מ עסקאות 17%",90,-7565.00
18/08/2026,100427,1100,"בנק לאומי עו""ש",גבייה מלקוח - גמא ייעוץ,10,62300.00
18/08/2026,100427,1200,לקוחות,גבייה על חשבון חוב לקוח,10,-62300.00
20/08/2026,100428,1300,מלאי,רכישת מלאי - ספק חומרי גלם ב',20,38500.00
20/08/2026,100428,2210,"מע""מ תשומות","מע""מ תשומות 17%",90,6545.00
20/08/2026,100428,2100,ספקים,חוב לספק - ספק חומרי גלם ב',20,-45045.00
23/08/2026,100429,1200,לקוחות,"חשבונית מכירה - אפסילון בע""מ",10,57330.00
23/08/2026,100429,4100,הכנסות ממכירות,הכנסות ממכירות,10,-49000.00
23/08/2026,100429,2200,"מע""מ עסקאות","מע""מ עסקאות 17%",90,-8330.00
24/08/2026,100430,1100,"בנק לאומי עו""ש",הכנסות אחרות - השכרת משנה,90,5100.00
24/08/2026,100430,4200,הכנסות אחרות,הכנסות אחרות,90,-5100.00
25/08/2026,100431,5100,עלות המכר,עלות המכר - הוצאת מלאי,20,22000.00
25/08/2026,100431,1300,מלאי,הוצאת מלאי למכירה,20,-22000.00
26/08/2026,100432,2100,ספקים,תשלום לספק - ספק חומרי גלם ב',20,34200.00
26/08/2026,100432,1100,"בנק לאומי עו""ש",העברה בנקאית לספק,20,-34200.00
27/08/2026,100433,2400,"חו""ז בעלים",משיכת בעלים,90,14500.00
27/08/2026,100433,1100,"בנק לאומי עו""ש","משיכה מהבנק לחו""ז בעלים",90,-14500.00
28/08/2026,100434,1100,"בנק לאומי עו""ש",גבייה מלקוח - דלתא תעשיות,10,62300.00
28/08/2026,100434,1200,לקוחות,גבייה על חשבון חוב לקוח,10,-62300.00
28/08/2026,100435,6100,שכר ונלוות,שכר ונלוות לחודש 8/2026,30,58800.00
28/08/2026,100435,2300,זכאים בגין שכר,ניכויי חובה ומוסדות,30,-14100.00
28/08/2026,100435,1100,"בנק לאומי עו""ש",תשלום שכר נטו,30,-44700.00
31/08/2026,100436,6400,פחת והפחתות,פחת חודשי - רכוש קבוע,90,5200.00
31/08/2026,100436,1450,פחת נצבר,צבירת פחת נצבר,90,-5200.00
